symbol|mcap_B|pe|pb|earnings_yield|fcf_yield|ev_ebitda|roe|roic|profit_margin|fcf_margin|debt_equity|piotroski_f|div_yield|payout_ratio|value_score|quality_score|income_score|total_score|roe_fy21|roe_fy22|roe_fy23|roe_fy24|roe_fy25|roe_avg|roe_cv|roic_fy21|roic_fy22|roic_fy23|roic_fy24|roic_fy25|roic_avg|roic_cv|roe_trend|roic_trend|fcf_fy21_M|fcf_fy22_M|fcf_fy23_M|fcf_fy24_M|fcf_fy25_M|fcf_avg_M|fcf_positive_count|fcf_trend|Revenue_fy21|Revenue_fy22|Revenue_fy23|Revenue_fy24|Revenue_fy25|COGS_fy21|COGS_fy22|COGS_fy23|COGS_fy24|COGS_fy25|GP_fy21|GP_fy22|GP_fy23|GP_fy24|GP_fy25|GrossMargin_fy21|GrossMargin_fy22|GrossMargin_fy23|GrossMargin_fy24|GrossMargin_fy25|OpIncome_fy21|OpIncome_fy22|OpIncome_fy23|OpIncome_fy24|OpIncome_fy25|OpMargin_fy21|OpMargin_fy22|OpMargin_fy23|OpMargin_fy24|OpMargin_fy25|EBIT_fy21|EBIT_fy22|EBIT_fy23|EBIT_fy24|EBIT_fy25|EBITDA_fy21|EBITDA_fy22|EBITDA_fy23|EBITDA_fy24|EBITDA_fy25|EBITDAMargin_fy21|EBITDAMargin_fy22|EBITDAMargin_fy23|EBITDAMargin_fy24|EBITDAMargin_fy25|EBT_fy21|EBT_fy22|EBT_fy23|EBT_fy24|EBT_fy25|TaxRate_fy21|TaxRate_fy22|TaxRate_fy23|TaxRate_fy24|TaxRate_fy25|NI_fy21|NI_fy22|NI_fy23|NI_fy24|NI_fy25|NPM_fy21|NPM_fy22|NPM_fy23|NPM_fy24|NPM_fy25|EPS_fy21|EPS_fy22|EPS_fy23|EPS_fy24|EPS_fy25|NIGrowth_fy21|NIGrowth_fy22|NIGrowth_fy23|NIGrowth_fy24|NIGrowth_fy25|IntExp_fy21|IntExp_fy22|IntExp_fy23|IntExp_fy24|IntExp_fy25|DA_fy21|DA_fy22|DA_fy23|DA_fy24|DA_fy25|Assets_fy21|Assets_fy22|Assets_fy23|Assets_fy24|Assets_fy25|Liab_fy21|Liab_fy22|Liab_fy23|Liab_fy24|Liab_fy25|Equity_fy21|Equity_fy22|Equity_fy23|Equity_fy24|Equity_fy25|Cash_fy21|Cash_fy22|Cash_fy23|Cash_fy24|Cash_fy25|Debt_fy21|Debt_fy22|Debt_fy23|Debt_fy24|Debt_fy25|LTDebt_fy21|LTDebt_fy22|LTDebt_fy23|LTDebt_fy24|LTDebt_fy25|NetDebt_fy21|NetDebt_fy22|NetDebt_fy23|NetDebt_fy24|NetDebt_fy25|BVPS_fy21|BVPS_fy22|BVPS_fy23|BVPS_fy24|BVPS_fy25|OCF_fy21|OCF_fy22|OCF_fy23|OCF_fy24|OCF_fy25|FCF_fy21|FCF_fy22|FCF_fy23|FCF_fy24|FCF_fy25|CapEx_fy21|CapEx_fy22|CapEx_fy23|CapEx_fy24|CapEx_fy25|DnA_fy21|DnA_fy22|DnA_fy23|DnA_fy24|DnA_fy25|dWC_fy21|dWC_fy22|dWC_fy23|dWC_fy24|dWC_fy25|NetCF_fy21|NetCF_fy22|NetCF_fy23|NetCF_fy24|NetCF_fy25|FinCF_fy21|FinCF_fy22|FinCF_fy23|FinCF_fy24|FinCF_fy25|InvCF_fy21|InvCF_fy22|InvCF_fy23|InvCF_fy24|InvCF_fy25|FCFMargin_fy21|FCFMargin_fy22|FCFMargin_fy23|FCFMargin_fy24|FCFMargin_fy25|ROE_fy21|ROE_fy22|ROE_fy23|ROE_fy24|ROE_fy25|ROA_fy21|ROA_fy22|ROA_fy23|ROA_fy24|ROA_fy25|ROIC_fy21|ROIC_fy22|ROIC_fy23|ROIC_fy24|ROIC_fy25|DERatio_fy21|DERatio_fy22|DERatio_fy23|DERatio_fy24|DERatio_fy25|NetDERatio_fy21|NetDERatio_fy22|NetDERatio_fy23|NetDERatio_fy24|NetDERatio_fy25
METCO|5.6|4.97|0.73|20.1|32.91|0.99|15.71|29.17|6.51|10.66|0.02|6.0|11.28|14.96|97|73|20|190|10.75|10.99|3.87|4.67|15.21|9.10|46.8|16.27|17.85|5.86|11.25|25.65|15.38|43.1|UP|UP|209|773|298|-92|1263|490|4|UP|17123000000|18705000000.0|18020000000.0|15958000000.0|17804000000.0|15601000000|16963000000.0|16575000000.0|14614000000.0|15557000000.0|1522000000|1742000000.0|1445000000.0|1344000000.0|2247000000.0|8.89|9.31|8.02|8.42|12.62|736180000.00|932700000.0|389650000.0|646100000.0|1445000000.0|4.30|4.99|2.16|4.05|8.12|736180000.00|932700000.0|389650000.0|646100000.0|1445000000.0|1146000000|1246000000.0|705330000.0|962670000.0|1767000000.0|6.69|6.66|3.91|6.03|9.93|760330000.00|920460000.0|394660000.0|369300000.0|1392000000.0|15.59|23.45|38.51|19.93|21.01|641780000.00|704640000.0|242680000.0|295690000.0|1100000000.0|3.75|3.77|1.35|1.85|6.18|30710000.00|33.72|11.61|14.15|52.63|156.52|9.79|-65.56|21.84|271.99|-6540000.00|-6910000.0|-10470000.0|-9540000.0|-7240000.0|409340000.00|313780000.0|315670000.0|316570000.0|322690000.0|8595000000|9837000000.0|9201000000.0|9033000000.0|10014000000.0|2623000000|3424000000.0|2926000000.0|2697000000.0|2784000000.0|5972000000|6413000000.0|6275000000.0|6336000000.0|7230000000.0|2427000000|2744000000.0|2529000000.0|1986000000.0|2959000000.0|274120000.00|330570000.0|342140000.0|250690000.0|178270000.0||||||2153000000|2413000000.0|2186000000.0|1735000000.0|2781000000.0|285.79|306.86|300.25|303.14|345.97|781110000.00|1053000000.0|550850000.0|126550000.0|1524000000.0|208720000.00|772980000.0|298160000.0|-91510000.0|1263000000.0|-572390000.00|-279960000.0|-252690000.0|-218060000.0|-260920000.00000003|409340000.00|421160000.0|437970000.0|440000000.0|435140000.0|-290520000.00|-190120000.0|-81640000.0|-783660000.0|-159150000.0|-91080000.00|316470000.0|-215000000.0|-542890000.0|973560000.0|-302870000.00|-411260000.0|-503680000.0|-342890000.0|-287310000.0|-580420000.00|-304290000.0|-273310000.0|-219640000.0|-269930000.0|1.22|4.13|1.65|-0.57|7.09|11.16|11.38|3.82|4.69|16.22|5.59|6.33|2.56|4.43|9.48|17.73|18.26|5.92|11.91|25.22|0.05|0.05|0.06|0.04|0.03|-0.36|-0.38|-0.35|-0.27|-0.38
SRICHA|5.0|5.19|2.44|19.26|20.52|3.14|61.69|106.18|34.49|36.73|0.18|7.0|6.21|0.0|86|87|15|188||2.76|6.88|-57.10|47.02|-0.11|999.0||3.88|12.78|-62.35|78.90|8.30|602.7|UP|UP||-56|366|-524|1024|203|2|UP||1592000000.0|2223000000.0|1855000000.0|2787000000.0||1321000000.0|1894000000.0|1615000000.0|1934000000.0||270630000.0|329220000.0|240210000.0|852850000.0||17.0|14.81|12.95|30.61||85630000.0|168630000.0|-772540000.0|1287000000.0||5.38|7.59|-41.65|46.2||85630000.0|168630000.0|-772540000.0|1287000000.0||115860000.0|200340000.0|-740430000.0|1324000000.0||7.28|9.01|-39.92|47.51||85670000.0|166270000.0|-760220000.0|1272000000.0||41.66|19.35||23.92||47360000.0|122790000.0|-625270000.0|961060000.0||2.97|5.52|-33.71|34.49||0.15|0.4|-2.02|3.1||-86.13|159.24||||-1170000.0|-5040000.0|-5330000.0|-13880000.0||30220000.0|31700000.0|32100000.0|36440000.0||2090000000.0|2512000000.0|2240000000.0|3689000000.0||374090000.0|725750000.0|1145000000.0|1645000000.0||1687000000.0|1747000000.0|1062000000.0|2008000000.0||463560000.0|783880000.0|238320000.0|1170000000.0||35970000.0|62220000.0|134520000.0|367010000.0||||33000000.0|75490000.0||433450000.0|741390000.0|122360000.0|823360000.0||5.45|5.64|3.43|6.48||-47180000.0|390690000.0|-493080000.0|1144000000.0||-56060000.0|366240000.0|-523919999.99999994|1024000000.0||-8880000.0|-24450000.0|-30840000.0|-120580000.0||39590000.0|39880000.0|42170000.0|49150000.0||-197870000.0|149360000.0|-580600000.0|407030000.0||-148170000.0|320320000.0|-545570000.0|932010000.0||-79370000.0|-43990000.0|-36550000.0|185570000.0||-6290000.0|-21050000.0|-37700000.0|-392900000.0||-3.52|16.48|-28.24|36.73||2.87|7.66|-42.81|61.69||2.51|4.58|-20.32|27.14||4.06|11.69|-76.6|89.33||0.02|0.04|0.12|0.18||-0.25|-0.41|-0.11|-0.4
AKP|0.3|4.02|0.41|24.88|22.61|1.56|10.68|6.89|17.98|16.34|0.04|6.0|6.48|20.95|100|64|20|184|7.92|4.85|2.77|5.66|10.28|6.30|41.1|5.89|3.20|2.52|5.27|5.65|4.51|30.5|UP|UP|65|26|11|52|65|44|5|flat|375270000.00|375140000.0|366910000.0|345640000.0|396910000.0|288560000.00|293450000.0|290470000.0|250850000.0|280550000.0|86710000.00|81700000.0|76440000.0|94790000.0|116360000.0|23.11|21.78|20.83|27.43|29.32|31120000.00|21110000.0|17680000.0|35120000.0|41220000.0|8.29|5.63|4.82|10.16|10.39|31120000.00|21110000.0|17680000.0|35120000.0|41220000.0|61320000.00|46950000.0|43180000.0|64430000.00000001|75640000.0|16.34|12.52|11.77|18.64|19.06|55670000.00|34830000.0|21160000.0|44480000.0|82390000.0|15.86|15.92|20.35|18.27|13.38|46840000.00|29290000.0|16860000.0|36350000.0|71360000.0|12.48|7.81|4.59|10.52|17.98|120000.00|0.07|0.04|0.09|0.18|35.18|-37.48|-42.45|115.68|96.3|-5020000.00|-4680000.0|-4150000.0000000005|-3520000.0|-3090000.0|30200000.0|25850000.0|25500000.0|29320000.0|34420000.0|724220000.00|727530000.0|716550000.0|744000000.0|808790000.0|132590000.00|124200000.0|106990000.0|101240000.0|114880000.0|591630000.00|603330000.0|609560000.0|642760000.0|693910000.0|210250000.00|105790000.0|97990000.0|136510000.0|89000000.0|63360000.00|56850000.0|47510000.0|38260000.0|26650000.0||||||146890000.00|148940000.0|150490000.0|200250000.0|102350000.0|1.46|1.49|1.51|1.59|1.72|86790000.00|45530000.0|38860000.0|73780000.0|76360000.0|64870000.00|26210000.0|11340000.0|52220000.0|64860000.0|-21920000.00|-19310000.0|-27520000.0|-21560000.0|-11490000.0|37000000|33189999.999999996|32890000.0|36700000.0|41810000.0|22140000.00|-7700000.0|-2370000.0|10510000.0|-13810000.0|51920000.00|-104460000.0|-7800000.0|40160000.0|-47510000.0|-19500000.0|-31520000.0|-22050000.0|-12580000.0|-28190000.0|-15370000.00|-118470000.0|-24610000.0|-21040000.0|-95680000.0|17.29|6.99|3.09|15.11|16.34|8.18|4.9|2.78|5.81|10.68|2.74|1.82|1.53|3.0|3.32|5.75|3.95|3.08|6.37|6.91|0.11|0.09|0.08|0.06|0.04|-0.25|-0.25|-0.25|-0.31|-0.15
SYNTEC|2.5|4.3|0.39|23.34|22.15|0.57|9.51|15.99|7.31|6.94|0.16|7.0|6.88|29.56|100|63|20|183|2.04|-6.32|3.29|8.49|9.03|3.31|167.8|1.28|-3.27|2.73|7.16|8.71|3.32|128.9|UP|UP|176|107|1878|276|560|599|5|UP|5309000000|5146000000.0|7430000000.0|8215000000.0|8077000000.0|4722000000|5037000000.0|6829000000.0|7238000000.0|6837000000.0|586860000.00|109370000.0|601510000.0|977010000.0|1240000000.0|11.05|2.13|8.1|11.89|15.35|193220000.00|-308800000.0|244560000.0|589180000.0|802990000.0|3.64|-6.0|3.29|7.17|9.94|193220000.00|-308800000.0|244560000.0|589180000.0|802990000.0|444450000.00|-62310000.0|443310000.0|757880000.0|979290000.0|8.37|-1.21|5.97|9.23|12.12|120120000.00|-409460000.0|175750000.0|615880000.0|752830000.0|46.79|||11.19|19.36|125230000.00|-367790000.0|191770000.0|529210000.00000006|590180000.0|2.36|-7.15|2.58|6.44|7.31|80000.00|-0.23|0.12|0.33|0.37|-47.78|||175.96|11.52|-75550000.00|-71910000.0|-83020000.0|-69040000.0|-51100000.0|251230000.00|246490000.0|198750000.0|168700000.0|176300000.0|9866000000|9756000000.0|10802000000.0|10696000000.0|10652000000.0|3715000000|3938000000.0|4968000000.0|4464000000.0|4113000000.0|5601000000|5293000000.0|5323000000.0|5705000000.0|6015000000.0|338280000.00|242790000.0|474630000.0|154420000.0|120830000.0|2222000000|1991000000.0|1805000000.0|1225000000.0|1016000000.0|1383000000|1324000000.0|1124000000.0|872080000.0|669290000.0|-297170000.00|43120000.0|1760000000.0|2262000000.0|2480000000.0|3.52|3.33|3.35|3.59|3.81|221730000.00|228450000.0|1974000000.0|428320000.0|663880000.0|175810000.00|106790000.0|1878000000.0|276190000.0|560280000.0|-45910000.00|-121670000.0|-95490000.0|-152130000.0|-103600000.0|337740000.00|322780000.0|245950000.0|205510000.0|210080000.0|-333430000.00|120910000.0|1652000000.0|-319440000.0|-272730000.0|-299780000.00|-95490000.0|231840000.0|-320210000.0|-33590000.0|-290900000.0|-191090000.0|-379830000.0|-466130000.0|-480290000.0|-230600000.0|-132850000.0|-1362000000.0|-280080000.0|-217190000.0|3.31|2.08|25.28|3.36|6.94|1.04|-6.83|3.08|9.06|9.51|1.18|-1.97|1.49|3.43|4.7|1.60|-5.05|4.97|13.01|16.13|0.36|0.34|0.31|0.2|0.16|0.05|-0.01|-0.3|-0.36|-0.38
STP|1.0|6.1|1.13|16.38|10.36|3.33|19.66|22.59|21.7|13.72|0.1|5.0|6.63|39.81|83|77|20|180||17.17|12.57|19.33|18.57|16.91|15.5||15.26|10.94|17.76|17.15|15.28|17.5|flat|UP||64|-85|112|105|49|3|UP||541580000.0|511930000.0|692110000.0|762540000.0||351770000.0|348140000.0|448860000.0|502050000.0||189800000.0|163790000.0|243240000.0|260490000.0||35.05|31.99|35.14|34.16||135710000.0|104440000.0|188020000.0|198460000.0||25.06|20.4|27.17|26.03||135710000.0|104440000.0|188020000.0|198460000.0||155650000.0|132930000.0|233720000.0|252760000.0||28.74|25.97|33.77|33.15||132320000.0|107870000.0|189780000.0|200290000.0||17.13|19.62|19.3|17.38||109650000.0|86710000.0|153140000.0|165490000.0||20.25|16.94|22.13|21.7||1.23|0.87|1.53|1.65||-11.42|-20.92|76.62|8.06||-5200000.0|-4099999.9999999995|-3700000.0|-3600000.0||19950000.0|28490000.0|45700000.0|54300000.0||843730000.0|878000000.0|975370000.0|1069000000.0||205130000.0|188310000.0|183030000.0|177500000.0||638600000.0|689690000.0|792340000.0|891500000.0||18890000.0|19090000.0|30420000.0|26580000.0||117110000.0|96420000.0|92460000.0|91140000.0||3970000.0|||||88410000.0|-51440000.0|125240000.0|154390000.0||6.39|6.9|7.92|8.91||154950000.0|80980000.0|173870000.0|213600000.0||63680000.0|-84620000.0|111860000.0|104630000.0||-91260000.0|-165600000.0|-62010000.0|-108960000.0||29980000.0|37950000.0|50710000.0|58240000.0||13870000.0|-51570000.0|-44960000.0|-14520000.0||-2890000.0|200000.0|11330000.0|-3840000.0||258260000.0|-61190000.0|-56780000.0|-70790000.0||-416100000.0|-19580000.0|-105750000.0|-146650000.0||11.76|-16.53|16.16|13.72||24.8|13.05|20.67|19.66||12.73|7.58|12.68|12.13||24.74|13.0|21.55|23.36||0.18|0.14|0.12|0.1||-0.14|0.08|-0.16|-0.17
BWG|1.9|3.75|0.27|24.07|16.79|3.94|11.83|6.07|16.29|11.36|0.17|8.0|2.59|None|100|71|8|179|-3.05|-2.68|-2.94|1.51|6.52|-0.13|999.0|1.12|0.52|0.91|4.69|6.00|2.65|84.9|UP|UP|586|85|-788|551|311|149|4|DOWN|2183000000|2503000000.0|2446000000.0|2605000000.0|2735000000.0|1705000000|2104000000.0|2046000000.0|1903000000.0|1936000000.0|477270000.00|399290000.0|400130000.0|702580000.0|798840000.0|21.87|15.95|16.36|26.97|29.21|84990000.00|41900000.0|85710000.0|351280000.0|399300000.0|3.89|1.67|3.5|13.48|14.6|84990000.00|41900000.0|85710000.0|351280000.0|399300000.0|541620000.00|475590000.0|540230000.0|837990000.0|914320000.0|24.81|19.0|22.08|32.17|33.43|-19160000.00|-38100000.0|-124820000.0|180040000.0|789860000.0||||7.41|3.88|-165530000.00|-144230000.0|-164620000.0|90660000.0|445480000.0|-7.58|-5.76|-6.73|3.48|16.29|-40000.00|-0.03|-0.03|0.02|0.08|||||391.37|-134270000.00|-121440000.0|-210530000.0|-203950000.0|-174580000.0|456630000.00|433690000.0|454520000.0|486710000.0|515020000.0|8322000000|8582000000.0|9945000000.0|10066000000.0|8927000000.0|2886000000|3202000000.0|4341000000.0|4065000000.0|2096000000.0|3679000000|3540000000.0|3740000000.0|4060000000.0|4585000000.0|1677000000|1513000000.0|1836000000.0|2535000000.0|1574000000.0|2321000000|2611000000.0|3747000000.0|3466000000.0|1143000000.0|684420000.00|1286000000.0|2506000000.0|1437000000.0|547990000.0|-644240000.00|-998280000.0|-1811000000.0|-828670000.0|470970000.0|0.81|0.78|0.76|0.75|0.79|704430000.00|254090000.0|327880000.0|966340000.0|933440000.0|585680000.00|84810000.0|-788400000.0|551260000.0|310650000.0|-118750000.00|-169280000.0|-1116000000.0|-415080000.0|-622800000.0|469420000.00|447020000.0|468270000.0|498500000.0|526000000.0|176280000.00|-266829999.99999997|-150000000.0|178820000.0|-40190000.0|-69150000.00|-164560000.0|322980000.0|727830000.0|-960920000.0|-532480000.00|26700000.0|1233000000.0|259870000.0|-2422000000.0|-241110000.00|-445350000.0|-1238000000.0|-479390000.0|527530000.0|26.83|3.39|-32.23|21.16|11.36|-0.61|-0.95|-2.47|2.87|11.83|0.62|0.31|0.58|2.19|2.63|1.36|0.67|1.24|4.57|5.82|0.43|0.49|0.67|0.58|0.17|0.12|0.19|0.32|0.14|-0.07
ROCK|0.2|3.69|0.46|27.13|39.12|4.0|12.92|8.36|7.19|10.37|0.48|6.0|9.01|33.21|98|58|20|176||-3.28|5.31|10.25|12.38|6.17|97.7||0.10|5.86|6.50|6.26|4.68|56.7|UP|UP||-34|82|-39|87|24|2|UP||609300000.0|650940000.0|743440000.0|837760000.0||432630000.0|407020000.0|467710000.0|537750000.0||176680000.0|243920000.0|275730000.0|300010000.0||29.0|37.47|37.09|35.81||710000.0|42040000.0|52190000.0|47520000.0||0.12|6.46|7.02|5.67||710000.0|42040000.0|52190000.0|47520000.0||23530000.0|64170000.0|75300000.0|69630000.0||3.86|9.86|10.13|8.31||-11850000.0|28270000.0|41320000.0|59760000.0|||27.12||||-12030000.0|20600000.0|45740000.0|60220000.0||-1.98|3.16|6.15|7.19||-0.6|1.03|2.29|3.01||||121.99|31.66||-11260000.0|-12330000.0|-13040000.0|-11940000.0||22820000.0|22130000.0|23110000.0|22110000.0||839990000.0|898540000.0|935090000.0|994690000.0||472920000.0|510890000.0|488930000.0|508310000.0||367070000.0|387650000.0|446160000.0|486380000.0||54960000.0|113840000.0|68950000.0|111890000.0||261709999.99999997|248590000.0|265300000.0|233060000.0||5150000.0|4410000.0|11030000.0|13760000.0||-177020000.0|-109640000.0|-170760000.0|-102780000.0||18.35|19.38|22.31|24.32||-14620000.0|100730000.0|-17260000.0|104740000.0||-33530000.0|81500000.0|-39470000.0|86850000.0||-18910000.0|-19230000.0|-22210000.0|-17890000.0||29650000.0|29780000.0|30950000.0|29370000.0||-31980000.0|46710000.0|-83540000.0|33400000.0||16810000.0|58880000.0|-44890000.0|42930000.0||37620000.0|-24450000.0|-840000.0|-54750000.0||-6190000.0|-17390000.0|-26790000.0|-7060000.0||-5.5|12.52|-5.31|10.37||-3.23|5.46|10.97|12.91||0.05|3.02|3.56|3.08||0.13|5.88|9.37|7.88||0.71|0.64|0.6|0.48||0.48|0.28|0.38|0.21
YUASA|1.6|6.61|1.15|15.14|14.97|2.55|18.6|37.24|9.17|9.06|0.0|6.0|6.06|26.99|83|69|20|172||10.71|11.15|14.12|17.47|13.36|20.3||17.83|14.32|25.99|36.70|23.71|36.3|UP|UP||83|-125|363|240|140|3|UP||2380000000.0|2452000000.0|2666000000.0|2649000000.0||1809000000.0|1844000000.0|1973000000.0|1855000000.0||570340000.0|608200000.0|693130000.0|793360000.0||23.97|24.81|26.0|29.95||140590000.0|155200000.0|201610000.0|275440000.0||5.91|6.33|7.56|10.4||140590000.0|155200000.0|201610000.0|275440000.0||191790000.0|209070000.0|259390000.0|343420000.0||8.06|8.53|9.73|12.97||139760000.0|154520000.0|201050000.0|274940000.0||21.71|20.38|14.24|11.7||109420000.0|123030000.0|172420000.0|242770000.0||4.6|5.02|6.47|9.16||1.02|1.14|1.6|2.26||12.01|12.44|40.15|40.8||-830000.0|-690000.0|-550000.0|-500000.0||51200000.0|53870000.0|57780000.0|67980000.0||1578000000.0|1600000000.0|1814000000.0|1958000000.0||555940000.0|497120000.0|593120000.0|568550000.0||1022060000.0|1102880000.0|1220880000.0|1389450000.0||414820000.0|247580000.0|562820000.0|733420000.0||9970000.0|7620000.0|7130000.0|6140000.0|||||||404850000.0|239960000.0|555690000.0|727280000.0||9.5|10.24|11.34|12.91||143020000.0|-24190000.0|458900000.0|301750000.0||82570000.0|-124770000.0|363390000.0|240070000.0||-60450000.0|-100570000.0|-95510000.0|-61670000.0||51200000.0|53870000.0|57780000.0|67980000.0||-38110000.0|-217450000.0|210490000.0|-30380000.0||52100000.0|-167230000.0|315230000.0|170600000.0||-35270000.0|-41290000.0|-48530000.0|-69730000.0||-55650000.0|-101750000.0|-95130000.0|-61420000.0||3.47|-5.09|13.63|9.06||11.15|11.58|14.84|18.6||5.77|6.1|7.38|9.13||18.37|16.7|22.64|36.64||0.01|0.01|0.01|0.0||-0.4|-0.22|-0.45|-0.52
WGE|0.4|2.81|0.84|35.58|92.53|1.25|35.3|44.97|5.79|15.07|0.34|8.0|None|None|94|78|0|172||-23.66|-74.43|14.65|30.00|-13.36|999.0||-16.67|-33.24|18.63|40.93|2.41|1205.3|UP|UP||-250|-139|128|389|32|2|UP||1655000000.0|1801000000.0|2311000000.0|2579000000.0||1716000000.0|1956000000.0|2066000000.0|2297000000.0||-61750000.0|-155460000.0|245190000.0|282270000.0||-3.73|-8.63|10.61|10.94||-142950000.0|-248780000.0|175390000.0|202740000.0||-8.64|-13.81|7.59|7.86||-142950000.0|-248780000.0|175390000.0|202740000.0||-110890000.0|-215240000.0|207440000.0|235080000.0||-6.7|-11.95|8.98|9.11||-147750000.0|-255520000.0|78150000.0|193360000.0||||34.62|22.71||-122350000.0|-221490000.0|51090000.0|149460000.0||-7.4|-12.3|2.21|5.79||-0.2|-0.37|0.09|0.25|||||192.52||-5130000.0|-7400000.0|-11260000.0|-10230000.0||32060000.000000004|33540000.0|32049999.999999996|32340000.000000004||1513000000.0|1574000000.0|1591000000.0|1490000000.0||995470000.0|1276000000.0|1242000000.0|991940000.0||517080000.00000006|297570000.0|348670000.0|498120000.0||130850000.0|104280000.0|42720000.0|284400000.0||299630000.0|405460000.0|309490000.0|169120000.0||57120000.0|37570000.0|92940000.0|73640000.0||-164620000.0|-301180000.0|-266769999.99999997|115280000.0||0.86|0.5|0.58|0.83||-169680000.0|-133740000.00000001|144010000.0|451130000.0||-249890000.0|-139420000.0|127880000.0|388640000.0||-80210000.0|-5680000.0|-16120000.000000002|-62500000.0||45300000.0|43870000.0|42790000.0|41310000.0||-100650000.0|-20120000.0|52400000.0|179510000.0||-218530000.0|-26570000.0|-61560000.0|241680000.0||29530000.0|99050000.0|-201510000.0|-149330000.0||-78380000.0|8119999.999999999|-4059999.9999999995|-60130000.0||-15.1|-7.74|5.53|15.07||-20.53|-54.38|15.81|35.3||-5.75|-10.08|6.93|8.23||-23.38|-38.86|18.89|31.39||0.58|1.36|0.89|0.34||0.32|1.01|0.77|-0.23
APP|0.8|7.64|1.78|13.09|24.91|2.65|25.19|302.03|9.24|17.59|0.04|6.0|8.1|34.96|78|73|20|171||13.44|14.21|17.52|23.36|17.13|22.8||24.41|27.03|51.20|127.61|57.56|72.6|UP|UP||13|43|62|198|79|4|UP||889700000.0|906100000.0|1022000000.0|1126000000.0||520320000.00000006|514100000.0|599510000.0|654260000.0||369380000.0|392000000.0|422100000.0|472110000.0||41.52|43.26|41.32|41.91||58600000.0|70140000.0|86490000.0|135720000.0||6.59|7.74|8.47|12.05||58600000.0|70140000.0|86490000.0|135720000.0||79000000.0|93780000.0|108080000.0|153940000.0||8.88|10.35|10.58|13.67||58150000.0|69380000.0|85350000.0|134560000.0||20.04|26.64|21.36|22.55||46470000.0|50720000.0|66870000.00000001|104120000.0||5.22|5.6|6.55|9.24||0.17|0.18|0.24|0.37||-20.5|9.14|31.84|55.69||-670000.0|-760000.0|-1140000.0|-1150000.0||20400000.0|23640000.0|21590000.0|18220000.0||772440000.0|792150000.0|898970000.0|981860000.0||426740000.0|435320000.0|517220000.0|536179999.99999994||345930000.0|356890000.0|381550000.0|444620000.0||166240000.0|184510000.0|263950000.0|380680000.0||12490000.0|18070000.0|15050000.0|17370000.0|||||||295560000.0|290950000.0|310560000.0|363320000.0||1.24|1.27|1.36|1.59||40480000.0|54820000.0|66790000.00000001|215090000.0||12690000.0|43280000.0|62120000.0|198100000.0||-27790000.0|-11540000.0|-4670000.0|-16990000.0||25350000.0|28700000.0|28470000.0|27540000.0||-32040000.0|-27040000.0|-21560000.0|64069999.99999999||-194590000.0|18280000.0|79440000.0|116730000.0||-61660000.0|-45350000.0|-49660000.0|-46340000.0||-172610000.0|9370000.0|62510000.0|-50170000.0||1.43|4.78|6.08|17.59||13.23|14.49|18.18|25.19||4.87|5.6|6.39|9.02||190.11|88.69|99.25|136.92||0.04|0.05|0.04|0.04||-0.85|-0.81|-0.81|-0.81
MGC|5.1|3.98|0.99|25.17|65.57|4.81|28.84|8.44|5.71|14.88|1.61|7.0|4.8|12.16|92|61|17|170|34.86|47.22|7.26|3.88|24.91|23.63|69.3|6.83|10.86|5.99|4.22|8.07|7.19|30.9|flat|UP|2789|2793|3206|2998|3345|3026|5|UP|22154000000|23066000000.0|25130000000.0|20328000000.0|22474000000.0|1207000000|20679000000.0|22745000000.0|18278000000.0|19449000000.0|20947000000|2387000000.0|2385000000.0|2050000000.0|3026000000.0|94.55|10.35|9.49|10.08|13.46|538340000.00|916660000.0|714150000.0|521559999.99999994|1103000000.0|2.43|3.97|2.84|2.57|4.91|538340000.00|916660000.0|714150000.0|521559999.99999994|1103000000.0|666850000.00|1022000000.0|853260000.0|677800000.0|1299000000.0|3.01|4.43|3.4|3.33|5.78|390860000.00|629830000.0|333680000.0|178930000.0|1499000000.0|20.23|5.43|19.61|18.65|14.32|316690000.00|603500000.0|269840000.0|145700000.0|1284000000.0|1.43|2.62|1.07|0.72|5.71|510000.00|0.76|0.26|0.13|1.15|168.28|90.57|-55.29|-46.01|781.19|-299910000.00|-281330000.0|-386770000.0|-437590000.0|-414720000.0|128510000.00|105300000.0|139110000.0|156240000.0|196140000.0|10326000000|12328000000.0|15442000000.0|15189000000.0|19039000000.0|9418000000|11050000000.0|11724000000.0|11438000000.0|13884000000.0|896350000.00|1274000000.0|3713000000.0|3746000000.0|5149000000.0|680160000.00|691360000.0|1035000000.0|1305000000.0|1735000000.0|6056000000|7399000000.0|6909000000.0|7620000000.0|8290000000.0|362490000.00|1909000000.0|683410000.0|505520000.0|352510000.0|-5376000000|-6701000000.0|-5869000000.0|-6309000000.0|-6549000000.0|1.40|1.52|3.31|3.34|4.62|3037000000|3228000000.0|3506000000.0|3100000000.0|3430000000.0|2789000000|2793000000.0|3206000000.0|2998000000.0|3345000000.0|-248530000.00|-435680000.0|-300620000.0|-101500000.0|-84880000.0|779410000.00|740780000.0|847200000.0|1014000000.0|1112000000.0|1805000000|1839000000.0|2149000000.0|1793000000.0|1163000000.0|7560000.00|11200000.0|343490000.0|270440000.0|429540000.0|-2539000000|-2745000000.0|-2365000000.0|-2568000000.0|-3244000000.0|-490630000.00|-472020000.0|-798000000.0|-261370000.0|243860000.0|12.59|12.11|12.76|14.75|14.88|44.42|54.47|10.74|3.9|28.84|3.00|5.06|3.21|2.13|4.03|6.79|12.16|6.54|4.32|8.69|6.67|5.79|1.86|2.03|1.61|5.92|5.24|1.58|1.68|1.27
AMATA|23.6|7.49|0.77|13.36|35.9|7.62|14.05|8.46|21.82|58.65|0.67|6.0|5.31|32.87|84|68|17|169|6.37|9.59|7.33|8.84|10.35|8.50|17.2|3.71|5.00|5.07|7.29|8.06|5.83|27.5|UP|UP|2291|2772|8273|10083|8463|6376|5|UP|5201000000|6612000000.0|9627000000.0|14856000000.0|14430000000.0|2769000000|3387000000.0|5804000000.0|9755000000.0|7918000000.0|2432000000|3226000000.0|3823000000.0|5101000000.0|6512000000.0|46.76|48.78|39.71|34.34|45.13|1600000000|2233000000.0|2562000000.0|3654000000.0|4756000000.0|30.76|33.77|26.61|24.6|32.96|1600000000|2233000000.0|2562000000.0|3654000000.0|4756000000.0|1950000000|2575000000.0|2943000000.0|4012000000.0|5161000000.0|37.48|38.94|30.57|27.01|35.76|2313000000|3629000000.0|2938000000.0|3953000000.0|4982000000.0|15.20|12.84|16.24|12.53|17.74|1402000000|2341000000.0|1885000000.0|2467000000.0|3149000000.0|26.96|35.41|19.58|16.61|21.82|1220000.00|2.04|1.64|2.15|2.74|27.08|66.97|-19.5|30.9|27.63|-493530000.00|-472100000.0|-687480000.0|-706530000.0|-664440000.0|349530000.00|341750000.0|381010000.0|357670000.0|404400000.0|45471000000|47659000000.0|57588000000.0|64925000000.0|69654000000.0|23462000000|23244000000.0|31861000000.0|37014000000.0|39233000000.0|17723000000|19459000000.0|20418000000.0|21808000000.0|23531000000.0|1739000000|1155000000.0|2032000000.0|2522000000.0|2307000000.0|16283000000|15698000000.0|18596000000.0|18474000000.0|20401000000.0|10497000000|9686000000.0|11487000000.0|11726000000.0|13544000000.0|-13286000000|-13115000000.0|-14823000000.0|-12672000000.0|-16363000000.0|15.41|16.92|17.75|18.96|20.46|2395000000|3057000000.0|8609000000.0|10167000000.0|8735000000.0|2291000000|2772000000.0|8273000000.0|10083000000.0|8463000000.0|-104140000.00|-285050000.0|-336100000.0|-84540000.0|-271750000.0|402530000.00|388750000.0|430010000.0|408670000.0|462400000.0|560190000.00|710080000.0|6034000000.0|6623000000.0|4319000000.0|1180000000|-583550000.0|876960000.0|489840000.0|-214800000.0|-619800000.0|-1964000000.0|1068000000.0|-1486000000.0|65269999.99999999|-784600000.0|-1476000000.0|-8794000000.0|-7951000000.0|-9102000000.0|44.05|41.92|85.94|67.87|58.65|9.63|13.63|9.82|12.89|14.05|2.33|3.0|3.04|3.73|4.42|4.01|5.35|5.5|7.88|8.96|0.74|0.64|0.72|0.66|0.67|0.60|0.54|0.58|0.45|0.54
NYT|5.6|8.99|1.59|11.12|16.85|5.11|16.29|12.58|29.63|44.9|0.8|8.0|11.16|84.3|72|82|15|169|7.42|7.65|14.54|14.45|17.72|12.36|33.3|4.58|4.94|7.67|8.21|10.89|7.26|31.9|UP|UP|542|603|924|872|936|776|5|UP|1338000000|1456000000.0|1762000000.0|1708000000.0|2085000000.0|779880000.00|904240000.0|988410000.0|950560000.0|1028000000.0|558570000.00|551910000.0|774070000.0|757040000.0|1057000000.0|41.73|37.9|43.92|44.33|50.7|370720000.00|397000000.0|581320000.0|584320000.0|860740000.0|27.70|27.26|32.98|34.22|41.28|370720000.00|397000000.0|581320000.0|584320000.0|860740000.0|573890000.00|578620000.0|801250000.0|818330000.0|1146000000.0|42.88|39.74|45.46|47.92|54.96|283380000.00|287560000.0|563820000.0|571860000.0|737820000.0|28.31|27.47|22.49|21.46|23.43|242640000.00|251120000.0|500920000.0|498200000.0|617820000.0|18.13|17.25|28.42|29.18|29.63|200000.00|0.2|0.4|0.4|0.5|6.16|3.5|99.47|-0.54|24.01|-93610000.00|-101300000.0|-102420000.0|-103670000.0|-126370000.0|203180000.00|181620000.0|219930000.0|234010000.0|285440000.0|6655000000|6785000000.0|6953000000.0|6553000000.0|7004000000.0|3383000000|3504000000.0|3508000000.0|3105000000.0|3517000000.0|3248000000|3297000000.0|3525000000.0|3577000000.0|3668000000.0|117040000.00|211530000.0|334670000.0|302400000.0|214720000.0|2653000000|2761000000.0|2764000000.0|2443000000.0|2778000000.0|156460000.00|349720000.0|311200000.0|185260000.0|129870000.0|-1334000000|-1311000000.0|-996170000.0|-1375000000.0|-1828000000.0|2.62|2.66|2.84|2.88|2.96|742030000.00|740410000.0|948310000.0|890600000.0|957750000.0|541740000.00|602940000.0|924230000.0|872340000.0|936320000.0|-200290000.00|-137470000.0|-24080000.0|-18260000.0|-21430000.0|468990000.00|471880000.0|499400000.0|507560000.0|568950000.0|-20380000.00|-51750000.0|-28240000.0|-39910000.0|-319750000.0|-137900000.0|94490000.0|123140000.0|-32270000.000000004|-87680000.0|-501170000.00|-187620000.0|-471490000.0|-896810000.0|-889440000.0|-378760000.00|-458290000.0|-353680000.0|-26060000.0|-155990000.0|40.48|41.41|52.44|51.09|44.9|6.19|6.37|12.99|13.03|16.29|3.75|3.69|5.29|5.41|7.94|6.15|6.26|9.98|9.91|13.0|0.81|0.84|0.8|0.71|0.8|0.41|0.4|0.29|0.4|0.52
PCC|3.3|8.32|0.95|12.02|36.99|4.58|12.29|11.98|9.82|30.23|0.2|7.0|8.09|67.3|80|72|17|169|9.26|8.93|9.92|10.58|11.39|10.02|8.9|7.31|8.73|9.20|9.42|12.17|9.37|16.9|UP|UP|-365|-67|609|172|1234|317|3|UP|3639000000|4860000000.0|4625000000.0|5563000000.0|4082000000.0|2652000000|3678000000.0|3374000000.0|4191000000.0|2646000000.0|986060000.00|1182000000.0|1252000000.0|1372000000.0|1436000000.0|27.10|24.32|27.07|24.66|35.18|321610000.00|422430000.0|438640000.0|481230000.0|525679999.99999994|8.84|8.69|9.48|8.65|12.88|321610000.00|422430000.0|438640000.0|481230000.0|525679999.99999994|456200000.0|566020000.0|605150000.0|649470000.0|689910000.0|12.54|11.65|13.08|11.68|16.9|272110000.00|365990000.0|417760000.0|462840000.0|522700000.00000006|16.09|15.45|16.48|17.74|18.93|202690000.00|283790000.0|323840000.0|357350000.0|400940000.0|5.57|5.84|7.0|6.42|9.82|220000.00|0.29|0.26|0.29|0.33|-20.15|40.01|14.12|10.35|12.2|-61720000.00|-70140000.0|-68610000.0|-59480000.0|-32110000.0|134590000.00|143590000.0|166520000.0|168230000.0|164220000.0|5580000000|6840000000.0|6577000000.0|6495000000.0|5472000000.0|3391000000|3662000000.0|3311000000.0|3117000000.0|1952000000.0|2071000000|3075000000.0|3153000000.0|3254000000.0|3390000000.0|245640000.00|888130000.0|749970000.0|329540000.0|734090000.0|1746000000|1803000000.0|1465000000.0|1155000000.0|715810000.0|504210000.00|401070000.0|233270000.0|100610000.0|51440000.0|-1497000000|-911190000.0|-638590000.0|-810550000.0|111470000.0|2.25|2.51|2.57|2.65|2.76|-130570000.00|213420000.0|887410000.0|253560000.0|1335000000.0|-364620000.00|-67130000.0|608850000.0|172100000.0|1234000000.0|-234050000.00|-280550000.0|-278560000.0|-81460000.0|-101150000.0|169550000.00|178870000.0|196950000.0|191050000.0|182340000.0|-593120000.00|-364170000.0|259279999.99999997|-402140000.0|662440000.0|-348030000.00|642490000.0|-138160000.0|-420430000.0|404550000.0|18380000.00|709770000.0|-710690000.0|-651910000.0|-775080000.0|-236440000.00|-279300000.0|-314600000.0|-23650000.0|-164280000.0|-10.02|-1.38|13.16|3.09|30.23|10.83|11.53|10.83|11.46|12.29|3.66|4.25|4.09|4.6|5.49|8.09|9.19|9.17|9.78|11.22|0.80|0.57|0.45|0.34|0.2|0.68|0.29|0.2|0.24|-0.03
S11|2.3|6.06|0.63|16.49|17.68|None|10.67|6.15|48.58|52.08|0.71|6.0|7.57|34.42|84|65|20|169||11.07|1.52|3.51|10.67|6.69|63.3||||||||UP|||5|-985|813|401|59|3|UP||834670000.0|525090000.00000006|541650000.0|769920000.0|||||||||||||||||439780000.0|61580000.0|145350000.0|477560000.0||52.69|11.73|26.83|62.03|||||||||||||||||439780000.0|61580000.0|145350000.0|467360000.0||20.04|19.51|19.77|19.99||351730000.0|49450000.0|116590000.0|374050000.0||42.14|9.42|21.53|48.58||0.57|0.08|0.19|0.61||-12.06|-85.94|135.77|220.82||||||||||||6112000000.0|7172000000.0|6483000000.0|6477000000.0||2838000000.0|3910000000.0|3101000000.0|2848000000.0||3273000000.0|3262000000.0|3381000000.0|3629000000.0||43290000.0|115580000.0|57300000.0|37670000.0||2576000000.0|3715000000.0|2857000000.0|2576000000.0||774420000.0|1267000000.0|846690000.0|986920000.0||-2533000000.0|-3600000000.0|-2800000000.0|-2538000000.0||5.34|5.32|5.52|5.92||7090000.0|-979870000.0|815060000.0|415000000.0||5010000.0|-984510000.0|813200000.0|400960000.0||-2080000.0|-4630000.0|-1860000.0|-14040000.0||9380000.0|8590000.0|7940000.0|7760000.0|||||||1890000.0|72290000.0|-58280000.0|-19630000.0||-2810000.0|1057000000.0|-871260000.0|-420600000.0||-2390000.0|-4590000.0|-2080000.0|-14040000.0||0.6|-187.49|150.13|52.08||11.07|1.52|3.51|10.67||5.98|0.75|1.71|5.77||6.2|0.77|1.76|6.14||0.79|1.14|0.85|0.71||0.77|1.1|0.83|0.7
TFG|54.2|7.38|2.7|13.74|19.06|4.66|40.7|24.07|10.18|14.13|1.0|8.0|7.57|55.56|70|79|19|168|4.85|30.29|-5.93|19.06|37.05|17.06|92.9|2.18|14.94|0.79|11.12|22.79|10.36|78.9|UP|UP|-5073|214|781|9211|10325|3092|4|UP|34948000000|52542000000.0|56149000000.0|65813000000.0|73059000000.0|31670000000|42367000000.0|52086000000.0|56706000000.0|57809000000.0|3278000000|10175000000.0|4063000000.0|9106000000.0|15250000000.0|9.38|19.36|7.24|13.84|20.87|1351000000|6888000000.0|385050000.0|4265000000.0|9523000000.0|3.86|13.11|0.69|6.48|13.04|1351000000|6888000000.0|385050000.0|4265000000.0|9523000000.0|3303000000|9583000000.0|3940000000.0|8174000000.0|13363000000.0|9.45|18.24|7.02|12.42|18.29|1098000000|5571000000.0|-893430000.0|3438000000.0|8809000000.0|49.71|15.17||9.29|15.49|561700000.0|4722000000.0|-812500000.0|3144000000.0|7441000000.0|1.61|8.99|-1.45|4.78|10.18|100000.00|0.84|-0.14|0.54|1.26|-78.09|740.65|||136.68|-493490000.00|-845040000.0|-1120000000.0|-1007000000.0|-770910000.0|1952000000|2695000000.0|3554000000.0|3909000000.0|3840000000.0|35567000000|45670000000.0|47146000000.0|46149000000.0|47848000000.0|23997000000|30083000000.0|33450000000.0|29650000000.0|27765000000.0|11556000000|15568000000.0|13681000000.0|16448000000.0|20086000000.0|415840000.00|818140000.0|836380000.0|4907000000.0|4818000000.0|19963000000|24331000000.0|26207000000.0|23189000000.0|20044000000.0|5773000000|7739000000.0|7946000000.0|7049000000.0|4391000000.0|-18204000000|-22449000000.0|-24388000000.0|-17362000000.0|-14052000000.0|2.05|2.75|2.35|2.83|3.45|-1882000000|4395000000.0|3226000000.0|10501000000.0|13315000000.0|-5073000000|213840000.0|781120000.0|9211000000.0|10325000000.0|-3190000000|-4181000000.0|-2444000000.0|-1290000000.0|-2990000000.0|2425000000|3337000000.0|4727000000.0|5207000000.0|5100000000.0|-4974000000|-5262000000.0|-1398000000.0|843080000.0|-852470000.0|-367930000.00|402300000.0|18250000.0|4070000000.0|-88980000.0|6398000000|127660000.0|105580000.0|-5261000000.0|-9825000000.0|-4961000000|-4121000000.0|-3239000000.0|-1080000000.0|-3250000000.0|-14.52|0.41|1.39|14.0|14.13|4.86|34.81|-5.57|20.65|40.7|2.74|10.6|0.52|5.71|12.66|2.67|17.23|1.01|10.76|23.67|1.73|1.56|1.91|1.41|1.0|1.57|1.44|1.78|1.05|0.7
STECH|0.7|5.1|0.45|19.61|39.5|4.74|9.07|6.61|6.48|13.05|0.64|7.0|4.0|17.33|98|57|13|168||7.92|9.16|7.78|8.74|8.40|6.8||5.94|6.08|5.70|6.68|6.10|5.9|flat|flat||-216|-372|-31|286|-83|1|UP||2125000000.0|2001000000.0|2095000000.0|2194000000.0||1800000000.0|1612000000.0|1660000000.0|1760000000.0||324380000.0|389170000.0|434410000.0|433190000.0||15.27|19.45|20.74|19.75||142790000.0|185460000.0|214940000.0|218110000.0||6.72|9.27|10.26|9.94||142790000.0|185460000.0|214940000.0|218110000.0||244930000.0|292860000.0|333050000.0|344600000.0||11.53|14.64|15.9|15.71||123630000.0|157290000.0|162600000.0|179700000.0||18.49|18.89|27.85|20.88||100570000.0|127360000.0|117310000.0|142180000.0||4.73|6.37|5.6|6.48||0.14|0.18|0.16|0.2||6.34|26.64|-7.89|21.2||-17950000.0|-26080000.0|-50290000.0|-39930000.0||102140000.0|107400000.0|118110000.0|126490000.0||2578000000.0|3028000000.0|3202000000.0|3091000000.0||1308000000.0|1638000000.0|1694000000.0|1466000000.0||1270000000.0|1390000000.0|1508000000.0|1625000000.0||134850000.0|48030000.0|74460000.0|87240000.0||824630000.0|1130000000.0|1286000000.0|1044000000.0||184550000.0|227890000.0|529380000.0|389700000.0||-680170000.0|-1071000000.0|-1207000000.0|-955110000.0||1.75|1.92|2.08|2.24||75640000.0|199160000.0|108530000.0|387250000.0||-215860000.0|-371660000.0|-30910000.0|286370000.0||-291500000.0|-570820000.0|-139450000.0|-100880000.0||120390000.0|121050000.0|128160000.0|136190000.0||-156970000.0|-96120000.0|-163990000.0|94250000.0||-37020000.0|-86830000.0|26430000.0|12770000.0||180380000.0|284810000.0|151160000.0|-278590000.0||-293040000.0|-570800000.0|-233260000.0|-95890000.0||-10.16|-18.58|-1.48|13.05||8.14|9.59|8.09|9.07||3.66|4.13|4.31|4.33||6.5|6.82|5.99|6.52||0.65|0.81|0.85|0.64||0.54|0.77|0.8|0.59
LEE|2.2|8.34|0.75|12.07|21.01|2.25|9.31|16.09|8.94|15.56|0.01|6.0|8.2|41.13|85|63|19|167|4.88|1.09|3.16|5.24|9.00|4.67|56.0|2.82|0.76|1.12|3.97|8.41|3.42|80.6|UP|UP|-4|53|29|55|457|118|4|UP|3745000000|3378000000.0|2925000000.0|2841000000.0|2936000000.0|3454000000|3173000000.0|2697000000.0|2540000000.0|2478000000.0|291440000.00|205240000.0|227600000.0|300860000.0|458120000.0|7.78|6.08|7.78|10.59|15.6|91620000.00|24570000.0|36200000.0|121070000.0|280630000.0|2.45|0.73|1.24|4.26|9.56|91620000.00|24570000.0|36200000.0|121070000.0|280630000.0|142680000.00|74180000.0|96750000.0|196170000.0|359550000.0|3.81|2.2|3.31|6.91|12.25|159340000.00|34720000.0|103160000.0|162190000.0|303390000.0|15.10|18.4|16.18|10.04|12.58|136080000.00|29650000.0|86980000.0|145710000.0|262470000.00000003|3.63|0.88|2.97|5.13|8.94|150000.00|0.03|0.09|0.16|0.29|-27.25|-78.21|193.34|67.52|80.14|-3030000.00|-1380000.0|-870000.0|-2910000.0|-2610000.0|51060000.00|49610000.0|60560000.0|75100000.0|78920000.0|3238000000|3051000000.0|3092000000.0|3104000000.0|3263000000.0|446980000.00|339220000.0|342070000.0|322130000.0|345880000.0|2761000000|2683000000.0|2722000000.0|2753000000.0|2888000000.0|60890000.00|82040000.0|55120000.0|72240000.0|30710000.0|23360000.00|17460000.0|9190000.0|36900000.0|32320000.0||||||1079000000|1015000000.0|1030000000.0|1027000000.0|1362000000.0|2.99|2.91|2.98|3.06|3.24|90020000.00|101650000.0|84430000.0|166710000.0|492380000.0|-3640000.00|52650000.0|28730000.0|54850000.0|456760000.0|-93660000.00|-49000000.0|-55710000.0|-111860000.0|-35620000.0|64570000.00|63170000.0|74320000.0|88780000.0|92780000.0|-30010000.00|35040000.0|-42090000.0|-22180000.0|142450000.0|31000000|21150000.0|-26920000.0|17120000.0|-41530000.0|-180960000.00|-135650000.0|-63360000.0|-130090000.0|-148340000.0|121940000.00|55150000.0|-48000000.0|-19500000.0|-385580000.0|-0.10|1.56|0.98|1.93|15.56|4.90|1.03|3.17|5.27|9.31|1.80|0.49|0.74|2.44|5.51|4.73|1.18|1.78|6.27|14.83|0.01|0.01|0.0|0.01|0.01|-0.39|-0.37|-0.37|-0.37|-0.47
NTSC|0.8|6.73|0.72|14.87|11.85|2.88|11.17|14.52|9.93|7.91|0.09|7.0|5.0|13.34|85|65|17|167|16.12|31.15|7.27|9.14|10.65|14.87|58.3|16.84|12.55|8.84|9.93|13.37|12.31|22.8|DOWN|flat|79|30|106|20|96|66|5|UP|1038000000|1057000000.0|955600000.0|1116000000.0|1208000000.0|802680000.00|821030000.0|740250000.0|872480000.0|918550000.0|235180000.00|235790000.0|215360000.0|243220000.0|289670000.0|22.66|22.31|22.54|21.8|23.97|127910000.00|102490000.0|85200000.0|107930000.0|149130000.0|12.32|9.7|8.91|9.67|12.34|127910000.00|102490000.0|85200000.0|107930000.0|149130000.0|134880000.00|110870000.0|95120000.0|117910000.0|159630000.0|13.00|10.49|9.95|10.57|13.21|124720000.00|96520000.0|86130000.0|116550000.0|150220000.0|20.79|20.16|19.24|19.84|20.15|98790000.00|77060000.0|69550000.0|93420000.0|119950000.0|9.52|7.29|7.28|8.37|9.93|1000000.00|0.78|0.53|0.7|0.9|9.08|-21.99|-9.74|34.31|28.4|-1900000.0|-6540000.0|-5530000.0|-3650000.0|-3530000.0|6980000.00|8380000.000000001|9930000.0|9980000.0|10500000.0|885830000.00|1076000000.0|1190000000.0|1290000000.0|1378000000.0|272810000.00|828740000.0|233430000.0|267709999.99999997|251980000.0|613010000.00|247390000.0|956420000.0|1022000000.0|1126000000.0|136950000.00|253450000.0|289940000.0|259670000.00000003|340890000.0|125470000.00|658270000.0|111770000.0|108890000.0|105520000.0||||||12080000.00|-402550000.0|251020000.0|244690000.0|327950000.0|10.95|2.47|7.17|7.66|8.44|103530000.00|88930000.0|111070000.0|58950000.0|123730000.0|79480000.00|29740000.0|106310000.0|20290000.0|95570000.0|-24040000.00|-59190000.0|-4750000.0|-38660000.0|-28170000.0|9410000.00|14520000.0|16530000.000000002|16850000.0|17360000.0|-13650000.00|-1330000.0|26760000.0|-56910000.0|-13290000.0|117070000.00|116500000.0|36490000.0|-30270000.0|81220000.0|5100000.0|78500000.0|87050000.0|-30880000.0|-19370000.0|8240000.00|-50610000.0|-161610000.0|-58260000.0|-22700000.0|7.66|2.81|11.13|1.82|7.91|17.53|17.91|11.56|9.45|11.17|10.45|6.53|4.7|5.44|6.99|18.61|13.08|10.15|11.67|15.12|0.21|2.66|0.12|0.11|0.09|-0.02|1.63|-0.26|-0.24|-0.29
READY|0.4|7.39|1.65|13.54|14.7|3.83|22.34|49.19|26.47|28.74|0.02|4.0|9.15|101.35|74|78|15|167|18.63|24.80|14.03|16.98|22.40|19.37|19.8|155.24|177.45|55.82|21.30|36.76|89.31|71.9|UP|DOWN|44|35|37|64|58|47|5|UP|148120000.00|162000000.0|187680000.0|196030000.0|201240000.0|58310000.00|59020000.0|63090000.0|62170000.0|65800000.0|89810000.00|102970000.0|124590000.0|133850000.0|135450000.0|60.63|63.57|66.39|68.28|67.31|14450000.00|25140000.0|37640000.0|46010000.0|40390000.0|9.76|15.52|20.05|23.47|20.07|14450000.00|25140000.0|37640000.0|46010000.0|40390000.0|19310000.00|29820000.0|42710000.0|50790000.0|44550000.0|13.04|18.41|22.75|25.91|22.14|17380000.00|24960000.0|39460000.0|49430000.0|61940000.0|17.92|18.12|23.74|17.88|13.99|13820000.00|20340000.0|30090000.0|40590000.0|53280000.0|9.33|12.55|16.04|20.71|26.47|140000.00|0.2|0.25|0.34|0.44||47.18|47.97|34.88|31.25|-350000.00|-400000.0|-390000.0|-350000.0|-370000.0|4850000.00|4680000.0|5070000.0|4770000.0|4160000.0|250080000.00|256660000.00000003|380530000.0|396900000.0|404600000.0|175900000.0|174640000.0|166020000.0|157850000.0|166750000.0|74170000.00|82020000.0|214510000.0|239040000.0|237850000.0|83720000.00|78050000.0|169520000.0|67660000.0|147400000.0|17190000.00|7630000.0|6430000.0|5990000.0|4050000.0||||||66520000.00|70420000.0|196750000.0|186440000.0|143520000.0|0.73|0.8|1.79|1.99|1.98|49350000.00|38820000.0|39640000.0|66310000.0|64349999.99999999|43940000.00|34530000.0|36790000.0|63800000.0|57840000.0|-5410000.00|-4280000.0|-2850000.0|-2510000.0|-6510000.0|7250000.00|5880000.0|6500000.0|6180000.0|5970000.0|-7470000.00|1480000.0|-18670000.0|-1650000.0|3430000.0|27550000.00|-5660000.0|91470000.0|-101870000.0|79750000.0|-3880000.00|-24340000.0|100670000.0|-22240000.0|-56390000.0|-19940000.00|-19790000.0|-48850000.0|-145930000.0|71790000.0|29.66|21.32|19.6|32.55|28.74|22.05|26.17|20.3|17.9|22.34|3.62|6.2|7.38|7.4|6.3|243.49|213.88|195.53|107.39|47.29|0.23|0.09|0.03|0.03|0.02|-0.90|-0.86|-0.92|-0.78|-0.6
TOA|24.8|8.54|1.63|11.76|13.24|4.02|19.94|38.55|13.51|15.22|0.08|7.0|5.86|36.49|68|81|17|166||10.50|17.34|13.36|19.20|15.10|22.5||12.11|19.82|17.53|24.49|18.49|24.1|UP|UP||852|2750|2193|3285|2270|4|UP||20649000000.0|22279000000.0|21140000000.0|21589000000.0||14646000000.0|14745000000.0|13836000000.0|13303000000.0||6003000000.0|7534000000.0|7304000000.0|8286000000.0||29.07|33.82|34.55|38.38||1995000000.0|3221000000.0|2824000000.0|3807000000.0||9.66|14.46|13.36|17.63||1995000000.0|3221000000.0|2824000000.0|3807000000.0||2425000000.0|3667000000.0|3321000000.0|4284000000.0||11.74|16.46|15.71|19.84||1886000000.0|3330000000.0|2619000000.0|3644000000.0||23.98|20.83|24.58|19.14||1417000000.0|2569000000.0|1920000000.0|2917000000.0||6.86|11.53|9.08|13.51||0.7|1.27|0.96|1.5||-27.51|81.29|-25.29|51.96||-38190000.0|-41910000.0|-55260000.0|-43120000.0||429950000.0|445220000.0|496990000.0|477120000.0||19352000000.0|21279000000.0|20756000000.0|21524000000.0||5863000000.0|6461000000.0|6385000000.0|6335000000.0||12792000000.0|14071000000.0|13661000000.0|14499000000.0||2208000000.0|3402000000.0|3494000000.0|3778000000.0||1237000000.0|1452000000.0|1272000000.0|1159000000.0||49540000.0|177840000.0|107140000.0|111890000.0||5085000000.0|6289000000.0|6033000000.0|7473000000.0||6.3|6.93|6.86|7.48||1376000000.0|3817000000.0|2854000000.0|3986000000.0||852000000.0|2750000000.0|2193000000.0|3285000000.0||-524000000.0|-1067000000.0|-660290000.0|-700960000.0||611540000.0|655760000.0|700820000.0|678450000.0||-854020000.0|242690000.0|89370000.0|103590000.0||-803310000.0|1194000000.0|92200000.0|283720000.0||-1248000000.0|-1252000000.0|-2344000000.0|-1966000000.0||-940210000.0|-1368000000.0|-387520000.0|-1516000000.0||4.13|12.34|10.38|15.22||11.05|18.63|13.53|19.94||6.59|9.91|8.4|11.25||20.62|30.12|25.26|38.35||0.09|0.1|0.09|0.08||-0.38|-0.42|-0.42|-0.49
GFPT|11.7|4.78|0.54|20.92|13.22|2.76|11.92|8.13|12.95|8.18|0.19|7.0|2.15|10.28|93|64|9|166||12.31|7.76|10.13|11.24|10.36|16.3||7.38|4.33|5.72|8.03|6.37|22.7|flat|UP||217|217|360|1541|584|4|UP||18222000000.0|18979000000.0|19314000000.0|18840000000.0||15354000000.0|16799000000.0|16645000000.0|15759000000.0||2868000000.0|2180000000.0|2669000000.0|3081000000.0||15.74|11.48|13.82|16.35||1642000000.0|1050000000.0|1437000000.0|1973000000.0||9.01|5.53|7.44|10.47||1642000000.0|1050000000.0|1437000000.0|1973000000.0||2923000000.0|2530000000.0|3082000000.0|3665000000.0||16.04|13.33|15.96|19.45||2256000000.0|1575000000.0|2253000000.0|2699000000.0||9.29|12.22|11.81|9.08||2044000000.0|1377000000.0|1974000000.0|2439000000.0||11.22|7.25|10.22|12.95||1.63|1.1|1.57|1.95||876.61|-32.67|43.39|23.59||-86020000.0|-110070000.0|-119410000.0|-102160000.0||1281000000.0|1480000000.0|1646000000.0|1692000000.0||23415000000.0|25333000000.0|26317000000.0|27863000000.0||6809000000.0|7595000000.0|6824000000.0|6167000000.0||16480000000.0|17605000000.0|19347000000.0|21536000000.0||1259000000.0|1610000000.0|2101000000.0|3530000000.0||4831000000.0|5171000000.0|4764000000.0|4174000000.0||2980000000.0|3080000000.0|3475000000.0|3470000000.0||-3558000000.0|-3559000000.0|-2640000000.0|-643670000.0||13.14|14.04|15.43|17.18||2075000000.0|2106000000.0|2311000000.0|3140000000.0||217150000.0|216650000.0|359670000.0|1541000000.0||-1858000000.0|-1890000000.0|-1951000000.0|-1599000000.0||1307000000.0|1506000000.0|1674000000.0|1720000000.0||-789630000.0|-433070000.0|-709930000.0|-475040000.0||295840000.0|351560000.0|491270000.0|1429000000.0||-62110000.0|-23250000.0|-761750000.0|-952980000.0||-1717000000.0|-1731000000.0|-1058000000.0|-758300000.0||1.19|1.14|1.86|8.18||13.08|8.05|10.67|11.92||4.6|2.69|3.48|4.55||7.72|4.45|5.83|8.07||0.29|0.29|0.24|0.19||0.21|0.2|0.14|0.03
SECURE|1.2|9.98|1.57|10.02|16.21|3.87|16.27|61.23|9.33|15.09|0.02|5.0|8.47|59.18|74|70|19|163|10.66|9.00|13.64|15.99|15.76|13.01|21.3|33.99|19.69|35.66|36.62|55.41|36.27|31.4|UP|UP|34|10|83|61|197|77|5|UP|823380000.00|893900000.0|1066000000.0|1238000000.0|1303000000.0|667530000.00|748820000.0|856520000.0|992090000.0|1038000000.0|155850000.00|145080000.0|209450000.0|245860000.0|264810000.0|18.93|16.23|19.65|19.86|20.32|73990000.00|57210000.0|110570000.0|133759999.99999999|148350000.0|8.99|6.4|10.37|10.8|11.39|73990000.00|57210000.0|110570000.0|133759999.99999999|148350000.0|82220000.00|64599999.99999999|119020000.0|141640000.0|155460000.0|9.99|7.23|11.16|11.44|11.93|73460000.00|67710000.0|116030000.0|144690000.0|152860000.0|16.80|18.68|20.91|20.1|20.5|61110000.00|55060000.0|91770000.0|115600000.0|121510000.0|7.42|6.16|8.61|9.34|9.33|680000.00|0.53|0.89|1.13|1.18|159.53|-9.9|66.66|25.97|5.12|-1410000.00|-830000.0|-800000.0|-780000.0|-1040000.0|8240000.00|7400000.0|8450000.0|7880000.0|7110000.0|736020000.00|811870000.0|909750000.0|1017000000.0|1157000000.0|162540000.00|199830000.0|237060000.0|293810000.0|386030000.0|573480000.00|612040000.0|672690000.0|723190000.0|770970000.0|402980000.00|398240000.0|450120000.0|447530000.0|577110000.0|10630000.00|22440000.0|22680000.0|16469999.999999998|18830000.0||||||427310000.00|400940000.0|447890000.0|446850000.0|589380000.0|5.58|5.96|6.55|7.04|7.51|37880000.00|25610000.0|90310000.0|62090000.0|200830000.0|34250000.00|10480000.0|83330000.0|60750000.0|196530000.0|-3630000.00|-15130000.0|-6980000.0|-1340000.0|-4300000.0|11040000.00|12160000.0|13890000.0|14020000.0|13340000.0|-34320000.00|-38750000.0|-31200000.0|-69090000.0|56750000.0|362470000.00|-4740000.0|51880000.0|-2590000.0|129580000.00000001|369460000.00|-22570000.0|-36200000.0|-72990000.0|-78140000.0|-44860000.00|-7780000.0|670000.0|15040000.0|22680000.0|4.16|1.17|7.82|4.91|15.09|17.79|9.29|14.29|16.57|16.27|8.88|4.62|8.03|8.68|8.53|48.03|26.04|40.12|42.67|51.52|0.02|0.04|0.03|0.02|0.02|-0.74|-0.65|-0.67|-0.62|-0.76
CRD|0.2|3.3|0.34|30.33|59.17|2.39|10.94|10.06|5.44|10.61|0.3|6.0|None|10.79|100|63|0|163||-4.31|-26.30|3.65|10.20|-4.19|999.0||-0.16|-8.77|4.50|10.22|1.45|480.2|UP|UP||-22|107|73|98|64|3|UP||1252000000.0|807920000.0|1021000000.0|919940000.0||1200000000.0|805780000.0|935570000.0|798440000.0||51370000.0|2130000.0|85090000.0|121510000.0||4.1|0.26|8.34|13.21||-1360000.0|-53770000.0|39380000.0|65370000.00000001||-0.11|-6.65|3.86|7.11||-1360000.0|-53770000.0|39380000.0|65370000.00000001||42290000.0|-11530000.0|66860000.0|93720000.0||3.38|-1.43|6.55|10.19||-15440000.0|-71400000.0|27410000.0|56960000.0||||32.67|10.01||-15350000.0|-74710000.0|16290000.0|50050000.0||-1.23|-9.25|1.6|5.44||-0.03|-0.15|0.03|0.1|||||207.28||-17540000.0|-19590000.0|-15050000.0|-9690000.0||43640000.0|42230000.0|27480000.0|28350000.0||1188000000.0|843910000.0|993480000.0|977720000.0||831970000.0|559890000.0|547120000.0|487100000.0||342360000.0|267870000.0|428120000.0|477020000.0||16200000.0|5220000.0|6170000.0|61250000.0||333210000.0|211520000.0|149080000.0|146500000.0||94760000.0|55000000.0|20780000.0|23650000.0||-316890000.0|-206170000.0|-142780000.0|-85090000.0||0.68|0.54|0.86|0.95||-6020000.0|118410000.0|94320000.0|119350000.0||-21600000.0|106620000.0|73160000.0|97630000.0||-15590000.0|-11780000.0|-21150000.0|-21720000.0||44700000.0|45610000.0|43850000.0|44940000.0||-58550000.0|80540000.0|-510000.0|2550000.0||-14610000.0|-10980000.0|960000.0|55070000.0||-2470000.0|-136740000.0|-74060000.0|-25780000.0||-6120000.0|7350000.0|-19290000.0|-38500000.0||-1.73|13.2|7.17|10.61||-3.93|-22.62|5.05|10.94||-0.08|-3.31|2.68|4.15||-0.21|-9.25|4.91|10.1||0.94|0.75|0.33|0.3||0.89|0.73|0.32|0.17
GTB|0.7|9.36|0.87|10.69|19.1|3.29|9.43|14.4|7.43|13.27|0.04|6.0|6.41|59.94|82|60|19|161||6.35|7.56|9.29|9.30|8.12|15.3||7.42|14.04|10.94|11.10|10.88|21.6|UP|flat||47|137|56|143|96|4|UP||1107000000.0|1098000000.0|1150000000.0|1078000000.0||902390000.0|840320000.0|896110000.0|797180000.0||204210000.0|257940000.0|253670000.0|280770000.0||18.45|23.49|22.06|26.05||55860000.0|105740000.0|98330000.0|104040000.0||5.05|9.63|8.55|9.65||55860000.0|105740000.0|98330000.0|104040000.0||80460000.0|128210000.00000001|119600000.0|125830000.0||7.27|11.67|10.4|11.67||54060000.0|76360000.0|96140000.0|102230000.0||17.71|20.95|19.15|21.7||44480000.0|60360000.0|77730000.0|80040000.0||4.02|5.5|6.76|7.42||0.05|0.06|0.08|0.08|||35.69|28.78|2.97||-2610000.0|-1900000.0|-2190000.0|-1810000.0||24590000.0|22470000.0|21270000.0|21790000.0||1003000000.0|1132000000.0|1151000000.0|1153000000.0||302190000.0|333770000.0|314200000.0|292200000.0||700690000.0|798710000.0|836640000.0|860640000.0||129580000.00000001|248540000.0|131220000.0|157920000.0||48570000.0|45310000.0|21140000.0|31250000.0|||||||81010000.0|203230000.0|239080000.0|318260000.0||0.73|0.83|0.87|0.9||55750000.0|147380000.0|90230000.0|152960000.0||46790000.0|137110000.0|56240000.0|143030000.0||-8960000.0|-10270000.0|-33990000.0|-9920000.0||30160000.0|27970000.0|26180000.0|26860000.0||-35870000.0|65709999.99999999|-16980000.0|19830000.0||39690000.0|118950000.0|-117320000.0|26700000.0||-7930000.0|-24400000.0|-44110000.0|-53690000.0||-8260000.0|-4190000.0000000005|-162030000.0|-70360000.0||4.23|12.48|4.89|13.27||6.59|8.05|9.51|9.43||3.46|6.19|5.38|5.65||7.42|13.76|13.33|14.29||0.07|0.06|0.03|0.04||-0.12|-0.25|-0.29|-0.37
PSP|6.1|7.18|1.45|13.94|11.32|5.95|21.72|13.82|6.68|5.43|0.39|6.0|6.42|37.83|76|64|20|160|10.00|121.36|13.01|18.35|20.27|36.60|116.2|11.80|11.30|11.64|14.55|12.96|12.45|9.6|DOWN|flat|-534|-167|1433|742|691|433|3|UP|10784000000|13204000000.0|12257000000.0|13351000000.0|12730000000.0|9422000000|11669000000.0|10893000000.0|11653000000.0|10960000000.0|1362000000|1535000000.0|1364000000.0|1698000000.0|1769000000.0|12.63|11.62|11.13|12.72|13.9|688390000.00|765410000.0|668180000.0|884800000.0|863220000.0|6.38|5.8|5.45|6.63|6.78|688390000.00|765410000.0|668180000.0|884800000.0|863220000.0|870960000.00|949900000.0|827750000.0|1039000000.0|1045000000.0|8.08|7.19|6.75|7.78|8.21|691760000.00|700230000.0|537360000.0|841060000.0|1034000000.0|20.84|21.97|20.44|20.14|17.45|394350000.00|537260000.0|427540000.0|671670000.0|850640000.0|3.66|4.07|3.49|5.03|6.68|1730000.00|1.11|0.38|0.48|0.61|31.64|36.24|-20.42|57.1|26.65|-5690000.00|-71450000.0|-166560000.0|-88580000.0|-73500000.0|182570000.00|184490000.0|159570000.0|154240000.0|182110000.0|6369000000|7326000000.0|7062000000.0|7136000000.0|7647000000.0|2425000000|6883000000.0|3776000000.0|3475000000.0|3450000000.0|3675000000|442690000.0|3285000000.0|3661000000.0|4196000000.0|139250000.00|239150000.0|640380000.0|378820000.0|339940000.0|811590000.00|5084000000.0|1922000000.0|1573000000.0|1643000000.0||1671000000.0|1129000000.0|777940000.0|495020000.0|-578540000.00|-4775000000.0|-938870000.0|-816690000.0|-863060000.0|16.12|0.59|2.35|2.62|3.0|-457530000.00|14630000.0|1703000000.0|930140000.0|886450000.0|-533510000.00|-167380000.0|1433000000.0|741500000.0|691070000.0|-75980000.00|-182000000.0|-269840000.0|-188630000.0|-195390000.0|188820000.00|189360000.0|165500000.0|163890000.0|195100000.0|-1270000000|-744480000.0|1060000000.0|58830000.0|-60220000.0|-59360000.00|99900000.0|401220000.0|-261550000.0|-38880000.0|496910000.00|1607000000.0|-754060000.0|-653940000.0|-264180000.0|-98920000.00|-1521000000.0|-545980000.0|-543590000.0|-659160000.0|-4.95|-1.27|11.69|5.55|5.43|14.55|24.91|22.94|19.34|21.72|7.86|6.99|5.8|7.79|7.3|14.03|12.26|11.26|16.24|14.94|0.21|11.49|0.59|0.43|0.39|0.15|10.79|0.29|0.22|0.21
ATP30|0.5|9.33|0.93|10.72|34.23|5.35|10.31|7.09|7.26|23.2|0.85|7.0|4.94|34.98|80|62|17|159||5.76|5.61|8.30|9.98|7.41|24.7||4.14|4.18|5.54|7.11|5.24|23.2|UP|UP||128|132|142|187|147|4|UP||632450000.0|671480000.0|730610000.0|805370000.0||522080000.00000006|552100000.0|584300000.0|634840000.0||110370000.0|119380000.0|146310000.0|170530000.0||17.45|17.78|20.03|21.17||54140000.0|55790000.0|77210000.0|93220000.0||8.56|8.31|10.57|11.58||54140000.0|55790000.0|77210000.0|93220000.0||100260000.0|107190000.0|124340000.0|143300000.0||15.85|15.96|17.02|17.79||36440000.0|36050000.0|56930000.0|71700000.0||19.93|19.59|20.02|18.41||29170000.0|28980000.0|45530000.0|58500000.0||4.61|4.32|6.23|7.26||0.04|0.04|0.07|0.09||-11.91|-0.65|57.09|28.48||-17700000.0|-19750000.0|-20280000.0|-21520000.0||46120000.0|51390000.0|47130000.0|50070000.0||1181000000.0|1203000000.0|1270000000.0|1242000000.0||673840000.0|686860000.0|721830000.0|655890000.0||507160000.0|516140000.0|548170000.0|586110000.0||20970000.0|8980000.0|14700000.0|15250000.0||560250000.0|564540000.0|580820000.0|499330000.0||23020000.0|51140000.0|100000000.0|100000000.0||-539280000.0|-555570000.0|-566130000.0|-484080000.0||0.74|0.76|0.8|0.86||134990000.0|136940000.0|147110000.0|197360000.0||128080000.00000001|132000000.0|142400000.0|186830000.0||-6910000.0|-4940000.0|-4710000.0|-10530000.0||91380000.0|95290000.0|96150000.0|99120000.0||-10090000.0|-13580000.0|-23080000.0|-3300000.0||-35280000.0|-11990000.0|5720000.0|550000.0||-161360000.0|-147620000.0|-140730000.0|-186270000.0||-8910000.0|-1310000.0|-660000.0|-10530000.0||20.25|19.66|19.49|23.2||5.81|5.67|8.55|10.31||2.96|2.93|3.9|4.64||4.35|4.24|5.65|6.96||1.11|1.09|1.06|0.85||1.06|1.08|1.03|0.83
SAK|6.8|7.71|0.99|12.98|17.7|None|13.25|5.68|32.21|43.95|1.23|5.0|6.17|42.81|76|62|19|157||13.81|13.37|13.77|13.25|13.55|1.8||||||||flat|||-1136|-636|-1168|1202|-435|1|UP||2032000000.0|2273000000.0|2538000000.0|2735000000.0|||||||||||||||||888000000.0|936380000.0|1049000000.0|1103000000.0||43.7|41.19|41.36|40.33|||||||||||||||||888000000.0|936440000.0|1049000000.0|1103000000.0||20.02|19.98|20.07|20.74||712130000.0|749970000.0|840810000.0|881140000.0||35.05|32.99|33.13|32.21||0.34|0.36|0.4|0.42||17.23|5.31|12.11|4.8||||||||||||11624000000.0|13184000000.0|15316000000.0|15643000000.0||6247000000.0|7352000000.0|8969000000.0|8796000000.0||5363000000.0|5820000000.0|6337000000.0|6844000000.0||268399999.99999997|270090000.0|196580000.0|602560000.0||5963000000.0|7051000000.0|8594000000.0|8412000000.0||1295000000.0|2164000000.0|2852000000.0|2101000000.0||-5694000000.0|-6781000000.0|-8397000000.0|-7809000000.0||2.56|2.78|3.02|3.27||-1059000000.0|-585150000.0|-1137000000.0|1245000000.0||-1136000000.0|-636210000.0|-1168000000.0|1202000000.0||-77240000.0|-51060000.0|-30350000.0|-42860000.0||135880000.0|152270000.0|165730000.0|172140000.0|||||||-38960000.0|1690000.0|-73500000.0|405970000.0||1145000000.0|715270000.0|1102000000.0|-789130000.0||-125230000.0|-128430000.0|-38590000.0|-49800000.0||-55.91|-27.99|-46.02|43.95||13.81|13.37|13.77|13.25||6.71|6.04|5.88|5.65||6.89|6.19|6.03|5.79||1.11|1.21|1.35|1.23||1.06|1.16|1.32|1.14
TPS|1.4|9.98|1.9|10.06|18.66|6.58|19.23|24.07|8.82|16.37|0.11|5.0|6.06|84.67|72|70|15|157||16.70|20.54|19.07|19.14|18.86|7.3||13.71|20.31|20.68|20.95|18.91|15.9|flat|UP||-162|85|94|258|68|3|UP||980670000.0|1354000000.0|1596000000.0|1573000000.0||719120000.0|993100000.0|1178000000.0|1134000000.0||261560000.0|361020000.0|418560000.0|438880000.0||26.67|26.66|26.22|27.89||87800000.0|144110000.0|166710000.0|164760000.0||8.95|10.64|10.44|10.47||87800000.0|144110000.0|166710000.0|164760000.0||97470000.0|153780000.0|176780000.0|174290000.0||9.94|11.36|11.07|11.08||92620000.0|151080000.0|175540000.0|173820000.0||20.3|20.35|20.06|20.58||75830000.0|116370000.0|135470000.0|138790000.0||7.73|8.59|8.49|8.82||0.22|0.31|0.34|0.33||95.73|53.46|16.42|2.45||-1370000.0|-1720000.0|-1140000.0|-900000.0||9670000.0|9670000.0|10070000.0|9530000.0||890080000.0|1099000000.0|1275000000.0|1441000000.0||435900000.0|532140000.0|565120000.0|716100000.0||454230000.0|559220000.0|694170000.0|710280000.0||47590000.0|56900000.0|129530000.0|183810000.0||103900000.0|55730000.0|63610000.0|83190000.0|||||||-51690000.0|83970000.0|72760000.0|207970000.0||1.35|1.58|1.66|1.7||-152980000.0|87880000.0|98050000.0|261000000.0||-162000000.0|84630000.0|93740000.0|257529999.99999997||-9020000.0|-3250000.0|-4300000.0|-3470000.0||14360000.0|16010000.000000002|16930000.0|15640000.0||-247960000.0|-61370000.0|-97760000.0|86780000.0||-102210000.0|8620000.0|72640000.0|54280000.0||52530000.0|-74100000.0|-19830000.0|-101950000.0||-1750000.0|-5170000.0|-5580000.0|-104770000.0||-16.52|6.25|5.87|16.37||17.14|23.58|21.98|19.23||6.59|9.06|8.78|7.58||18.06|23.23|23.8|22.66||0.23|0.1|0.09|0.12||0.11|-0.15|-0.1|-0.29
TFM|6.5|8.93|2.43|11.19|8.46|6.44|26.15|36.38|12.15|9.18|0.09|7.0|9.16|93.43|64|77|15|156|8.80|4.48|3.56|19.60|27.16|12.72|72.3|6.73|0.95|0.88|25.56|30.66|12.96|97.7|UP|UP|-78|-146|327|602|554|252|3|UP|4773000000|4888000000.0|5081000000.0|5365000000.0|6035000000.0|4278000000|4482000000.0|4642000000.0|4361000000.0|4695000000.0|494870000.00|406340000.0|439260000.0|1004000000.0|1340000000.0|10.37|8.31|8.64|18.72|22.2|152870000.00|27720000.0|24200000.0|482550000.0|768720000.0|3.20|0.57|0.48|8.99|12.74|152870000.00|27720000.0|24200000.0|482550000.0|768720000.0|295210000.00|205490000.0|196580000.0|635830000.0|915210000.0|6.19|4.2|3.87|11.85|15.17|209840000.00|79300000.0|63800000.0|537300000.0|786970000.0|0.08|||0.71|9.8|211500000.0|109540000.0|87370000.0|535390000.0|733190000.0|4.43|2.24|1.72|9.98|12.15|250000.00|0.11|0.09|0.54|0.73|-48.63|-48.21|-20.24|512.8|36.95|-8770000.00|-26270000.0|-9860000.0|-14370000.0|-17170000.0|142340000.00|177770000.0|172390000.0|153280000.0|146490000.0|3344000000|3202000000.0|3321000000.0|3856000000.0|3830000000.0|940130000.00|757910000.0|868960000.0|1125000000.0|1130000000.0|2217000000|2193000000.0|2228000000.0|2519000000.0|2537000000.0|346380000.00|165390000.0|387280000.0|1077000000.0|673700000.0|213330000.00|56960000.0|143890000.0|220320000.0|234990000.0|193880000.00||63050000.0|41370000.0|20620000.0|333050000.00|158420000.0|443390000.0|856740000.0|788710000.0|2.22|2.19|2.23|2.52|2.54|302740000.00|33009999.999999996|400930000.0|680230000.0|884960000.0|-78230000.00|-146240000.0|326710000.0|602340000.0|554000000.0|-380970000.00|-179260000.0|-74210000.0|-77890000.0|-330960000.0|147510000.00|184170000.0|172390000.0|156120000.0|150490000.0|-84980000.00|-303840000.0|115080000.0|-15860000.0|-77320000.0|227110000.00|-180990000.0|221900000.0|687750000.0|-420850000.0|502130000.00|-155060000.0|37870000.0|-159070000.0|-683420000.0|-578780000.00|-20450000.0|-217450000.0|139770000.0|-619170000.0|-1.64|-2.99|6.43|11.23|9.18|10.79|3.64|2.72|20.59|26.15|3.27|0.53|0.46|8.4|12.5|8.04|1.27|1.13|24.68|36.64|0.09|0.02|0.06|0.08|0.09|-0.14|-0.06|-0.18|-0.31|-0.29
POLY|3.1|11.67|2.35|8.57|7.69|7.31|20.43|24.81|22.35|20.05|0.02|8.0|8.2|87.29|51|90|15|156|20.59|13.44|13.44|16.53|20.17|16.83|18.5|14.05|14.66|10.74|19.44|21.67|16.11|24.4|UP|UP|73|93|181|268|240|171|5|UP|786080000.00|1082000000.0|961330000.0|1024000000.0|1199000000.0|563820000.00|813010000.0|729280000.0|718000000.0|815710000.0|222260000.00|269240000.0|232050000.0|305930000.0|383730000.0|28.27|24.88|24.14|29.88|31.99|155040000.00|191010000.0|150380000.0|224640000.0|294320000.0|19.72|17.65|15.64|21.94|24.54|155040000.00|191010000.0|150380000.0|224640000.0|294320000.0|230660000.00|273900000.0|240920000.0|326630000.0|386240000.0|29.34|25.31|25.06|31.9|32.2|141200000.0|192750000.0|205060000.0|226170000.0|295540000.0|14.35|16.12|14.64|5.34|9.3|120930000.00|161680000.0|175050000.0|214090000.0|268060000.0|15.38|14.94|18.21|20.91|22.35|370000.00|0.47|0.39|0.48|0.6|454.88|33.7|8.27|22.3|25.21|-14110000.00|-23970000.0|-9170000.0|-3610000.0|-2250000.0|75610000.00|82890000.0|90540000.0|101980000.0|91920000.0|1135000000|1693000000.0|1566000000.0|1510000000.0|1521000000.0|547680000.00|489580000.0|264019999.99999997|214440000.0|191650000.0|587320000.00|1203420000.0|1301980000.00000003|1295560000.0|1329350000.0|11090000.00|409970000.0|191950000.0|254380000.0|125100000.0|369150000.00|299780000.0|85040000.0|53030000.0|27720000.0|180770000.00|124550000.0|3350000.0|1410000.0|110000.0|-358050000.00|110190000.0|206910000.0|251340000.0|248830000.0|1.78|2.67|2.89|2.88|2.95|190070000.00|150810000.0|308130000.0|362460000.0|343320000.0|73340000.00|92970000.0|180840000.0|267850000.00000003|240460000.0|-116720000.00|-57840000.0|-127290000.0|-94620000.0|-102860000.0|82280000.00|94330000.0|103730000.0|101980000.0|99730000.0|-49500000.0|-129940000.0|47250000.0|63270000.0|-36380000.0|-5880000.00|398880000.0|-218020000.0|62430000.0|-129280000.0|-80580000.00|305580000.0|-298800000.0|-256010000.0|-261640000.0|-115370000.00|-57510000.0|-227360000.0|-44030000.0|-203960000.0|9.33|8.59|18.81|26.16|20.05|22.96|18.06|13.98|16.49|20.43|9.32|8.44|5.77|9.13|12.14|15.13|15.72|11.73|19.88|25.13|0.63|0.25|0.07|0.04|0.02|0.61|-0.09|-0.16|-0.19|-0.19
GABLE|2.8|8.97|1.19|11.15|30.74|2.68|14.0|30.83|4.93|13.59|0.04|5.0|8.12|61.52|78|61|17|156||23.39|11.52|10.64|13.25|14.70|34.7||20.80|26.27|19.80|43.43|27.58|34.4|flat|UP||-292|641|361|848|389|3|UP||4731000000.0|5338000000.0|6173000000.0|6237000000.0||3728000000.0|4239000000.0|5029000000.0|4950000000.0||1003000000.0|1099000000.0|1144000000.0|1287000000.0||21.2|20.6|18.54|20.63||341390000.0|326990000.0|339880000.0|397150000.0||7.22|6.13|5.51|6.37||341390000.0|326990000.0|339880000.0|397150000.0||370370000.0|355060000.0|370200000.0|423100000.0||7.83|6.65|6.0|6.78||333740000.0|317210000.0|338710000.0|396360000.0||19.65|20.26|27.51|19.76||266649999.99999997|251800000.0|236530000.0|307540000.0||5.64|4.72|3.83|4.93||0.62|0.39|0.34|0.44||8.68|-5.57|-6.07|30.02||-7850000.0|-14660000.0|-11790000.0|-5290000.0||28980000.0|28060000.0|30310000.0|25960000.0||4037000000.0|5569000000.0|6182000000.0|6717000000.0||2897000000.0|3383000000.0|3960000000.0|4396000000.0||1133000000.0|2179000000.0|2198000000.0|2287000000.0||620020000.0|1338000000.0|1066000000.0|1687000000.0||798870000.0|144500000.0|88090000.0|99710000.0|||||||-178850000.0|1193000000.0|988100000.0|1598000000.0||2.16|3.11|3.14|3.27||-235290000.0|669890000.0|374550000.0|867530000.0||-291640000.0|640710000.0|360950000.0|847710000.0||-56350000.0|-29190000.0|-13600000.0|-19830000.0||51750000.0|50950000.0|53910000.0|47690000.0||-569620000.0|379980000.0|101930000.0|422290000.0||-511140000.0|717490000.0|-271540000.0|621310000.0||-200090000.0|131180000.0|-265149999.99999997|-210140000.0||-75760000.0|-83590000.0|-380910000.0|-35630000.0||-6.16|12.0|5.85|13.59||18.86|15.21|11.14|14.0||5.3|4.25|3.62|3.85||27.52|22.55|22.13|32.58||0.7|0.07|0.04|0.04||0.16|-0.55|-0.44|-0.69
KISS|1.8|10.83|1.75|9.37|11.41|6.08|16.34|24.88|13.71|16.7|0.0|7.0|6.62|71.74|58|81|17|156|12.75|12.14|12.02|15.68|16.43|13.80|13.5|34.83|23.92|20.46|21.14|25.62|25.19|20.5|UP|flat|176|84|13|137|202|122|5|UP|772270000.00|932330000.0|964770000.0|1169000000.0|1207000000.0|358570000.00|447780000.0|462840000.0|568330000.0|569050000.0|413700000.0|484550000.0|501930000.0|601130000.0|637940000.0|53.57|51.97|52.03|51.4|52.85|142470000.00|167490000.0|191830000.0|193650000.0|216600000.0|18.45|17.96|19.88|16.56|17.95|142470000.00|167490000.0|191830000.0|193650000.0|216600000.0|152040000.00|177140000.0|201140000.0|203110000.0|224780000.0|19.69|19.0|20.85|17.37|18.62|146490000.00|181080000.0|193810000.0|200890000.0|221620000.0|19.05|18.32|21.09|19.92|25.34|118570000.00|123710000.0|131400000.0|159740000.0|165460000.0|15.35|13.27|13.62|13.66|13.71|200000.00|0.21|0.22|0.27|0.28|-29.42|4.33|6.22|21.57|3.58|-5090000.00|-1970000.0|-3510000.0|-2930000.0|-230000.0|9570000.00|9650000.0|9310000.0|9460000.0|8180000.0|1049000000|1297000000.0|1403000000.0|1316000000.0|1282000000.0|118810000.00|278550000.0|309960000.0|297360000.0|275430000.0|929920000.00|964060000.0|1017000000.0|1019000000.0|1007000000.0|626240000.00|511110000.0|477530000.0|293050000.0|379540000.0|27460000.00|64120000.00000001|124380000.0|7610000.0|3690000.0||30500000.0||||598780000.00|547600000.0|454650000.0|389560000.0|375850000.0|1.55|1.61|1.69|1.7|1.72|177950000.00|85540000.0|20350000.0|141480000.0|204810000.0|175700000.0|83710000.0|12830000.0|136980000.0|201550000.0|-2250000.00|-1830000.0|-7520000.0|-4500000.0|-3260000.0|13450000.00|12730000.0|13160000.0|13450000.0|12000000.0|65770000.00|-107570000.0|-156140000.0|-100630000.0|35760000.0|360930000.00|-115120000.0|-33580000.0|-184490000.0|86490000.0|164440000.00|-89570000.0|-36930000.0|-318770000.0|-214960000.0|18340000.00|-111030000.0|-16920000.0|-7020000.0|97370000.0|22.75|8.98|1.33|11.71|16.7|17.47|15.18|14.49|15.24|16.34|9.45|8.92|8.88|8.9|10.42|31.56|34.12|27.3|24.47|25.66|0.03|0.06|0.11|0.01|0.0|-0.64|-0.54|-0.42|-0.38|-0.37
TOPP|0.8|7.21|0.46|13.86|22.01|1.19|6.51|7.71|6.59|10.46|0.07|6.0|3.64|26.24|92|50|13|155||5.54|6.91|6.55|6.40|6.35|7.9||6.02|6.29|6.38|6.25|6.23|2.1|flat|flat||135|-124|54|178|61|3|UP||1690000000.0|1589000000.0|1717000000.0|1705000000.0||1478000000.0|1352000000.0|1472000000.0|1459000000.0||212790000.0|237790000.0|244560000.0|245450000.0||12.59|14.96|14.24|14.4||86530000.0|114900000.0|116090000.0|112670000.0||5.12|7.23|6.76|6.61||86530000.0|114900000.0|116090000.0|112670000.0||170170000.0|192490000.0|192000000.0|189520000.0||10.07|12.11|11.18|11.12||90790000.0|126020000.0|123490000.0|131740000.00000001||5.81|10.92|10.2|14.77||85520000.0|112260000.0|110900000.0|112290000.0||5.06|7.06|6.46|6.59||14.25|18.71|18.48|18.71||-2.86|31.27|-1.21|1.25||-4910000.0|-4870000.0|-5460000.0|-4960000.0||83640000.0|77590000.0|75920000.0|76840000.0||1802000000.0|1934000000.0|2034000000.0|2087000000.0||256980000.00000003|309220000.0|340340000.0|333140000.0||1545019999.99999997|1624780000.0|1693660000.0|1753860000.0||275940000.0|110630000.0|191710000.0|334190000.0||84120000.0|112060000.0|132199999.99999999|115950000.0|||||||448530000.0|310440000.0|371730000.0|535559999.99999994||257.54|270.81|282.22|292.37||199540000.0|69070000.0|141300000.0|262170000.00000003||135380000.0|-123680000.0|54150000.0|178260000.0||-64150000.00000001|-192750000.0|-87150000.0|-83910000.0||95250000.0|90920000.0|93030000.0|94350000.0||23990000.0|-121600000.0|-47470000.0|73190000.0||179930000.0|-165300000.0|81080000.0|142480000.0||-37860000.0|-38810000.0|-59870000.0|-50830000.0||18250000.0|-195570000.0|-340000.0|-68860000.0||8.01|-7.78|3.15|10.46||5.64|7.08|6.68|6.51||3.04|3.84|3.66|3.42||7.62|8.49|7.91|7.56||0.05|0.07|0.08|0.07||-0.29|-0.19|-0.22|-0.3
KK|0.2|7.22|1.19|13.85|30.07|3.6|17.67|14.6|2.58|5.6|0.61|7.0|1.5|18.05|82|64|9|155|15.17|5.00|-2.66|5.94|16.48|7.99|88.6|13.06|4.89|0.55|5.81|16.27|8.12|70.5|UP|UP|16|10|4|45|73|30|5|UP|1001000000|967870000.0|1068000000.0|1141000000.0|1296000000.0|869550000.00|847700000.0|937530000.0|989950000.0|1129000000.0|131920000.00|120170000.0|130310000.0|151040000.0|167260000.0|13.17|12.42|12.2|13.24|12.91|35880000.00|15060000.0|1900000.0|20000000.0|44340000.0|3.58|1.55|0.18|1.75|3.42|35880000.00|15060000.0|1900000.0|20000000.0|44340000.0|46410000.00|26280000.0|16260000.000000002|36500000.0|62220000.0|4.63|2.72|1.52|3.2|4.8|32730000.00|11110000.0|-4450000.0|13320000.0|41690000.0|19.22|19.63||21.67|19.78|26440000.00|8930000.0|-4470000.0|10430000.0|33439999.999999996|2.64|0.92|-0.42|0.91|2.58|110000.00|0.04|-0.02|0.04|0.14|80.99|-66.24|||220.59|-3150000.00|-3950000.0|-6350000.0|-6680000.0|-6170000.0|10530000.00|11230000.0|14360000.0|16500000.0|17890000.0|383560000.00|402440000.0|466510000.0|502610000.0|568500000.0|209240000.00|223800000.0|298370000.0|327050000.0|365530000.0|174320000.00|178640000.0|168140000.0|175560000.0|202970000.0|37750000.00|25330000.0|49470000.0|75290000.0|109140000.0|85430000.00|94070000.0|158150000.0|169520000.0|124790000.0|12820000.00|2380000.0|3530000.0|12220000.0|10440000.0|-47680000.00|-68740000.0|-108680000.0|-94230000.0|-15640000.0|0.72|0.74|0.7|0.73|0.84|25610000.00|28260000.0|36520000.0|60930000.0|81260000.0|16410000.00|9500000.0|3960000.0|45280000.0|72610000.0|-9200000.0|-18760000.0|-32560000.000000004|-15660000.0|-8650000.0|16800000.0|18620000.0|23280000.0|26400000.0|27070000.0|-22220000.00|-2260000.0|10290000.0|15530000.0|-44640000.0|2820000.00|-12420000.0|24140000.0|25820000.0|33860000.0|-13720000.00|-22170000.0|20090000.0|-13030000.0|-56720000.0|-9080000.00|-18510000.0|-32470000.0|-22080000.0|9320000.0|1.64|0.98|0.37|3.97|5.6|16.07|5.06|-2.58|6.07|17.67|5.98|2.39|0.27|2.58|5.17|13.86|5.16|0.73|5.73|14.56|0.49|0.53|0.94|0.97|0.62|0.27|0.39|0.65|0.54|0.08
JDF|1.0|11.23|1.23|8.91|10.84|5.75|11.21|12.71|11.8|14.36|0.0|7.0|11.11|55.44|62|73|19|154|16.48|1.78|6.05|10.58|10.95|9.17|54.1|6.89|2.17|4.74|8.60|11.65|6.81|47.6|UP|UP|63|45|56|103|105|74|5|UP|576920000.00|573180000.0|631350000.0|658360000.0|733450000.0|406810000.00|419550000.0|453560000.0|449230000.0|495060000.0|170110000.00|153620000.0|177790000.0|209130000.0|238380000.0|29.48|26.8|28.16|31.77|32.5|56110000.00|17260000.0|40460000.0|74240000.0|88840000.0|9.73|3.01|6.41|11.28|12.11|56110000.00|17260000.0|40460000.0|74240000.0|88840000.0|104340000.00|63510000.0|90070000.0|126180000.0|141970000.0|18.09|11.08|14.27|19.17|19.36|51330000.00|12570000.0|41580000.0|78850000.0|92720000.0|11.57|5.47|||6.65|45390000.00|11880000.0|42270000.0|79740000.0|86560000.0|7.87|2.07|6.69|12.11|11.8|120000.00|0.02|0.07|0.13|0.14|-20.65|-73.82|255.77|88.65|8.55|-12760000.00|-9400000.0|-4450000.0|-720000.0|-90000.0|48230000.00|46250000.0|49610000.0|51940000.0|53130000.0|862120000.00|884750000.0|847410000.0|860640000.0|925080000.0|586690000.00|215950000.0|148430000.0|106890000.0|134420000.0|275430000.00|668800000.0|698980000.0|753750000.0|790660000.0|57580000.00|50700000.0|72400000.0|63990000.0|80990000.0|502550000.00|132820000.0|56800000.0|490000.0|2360000.0|187830000.00|72670000.0|16020000.0|||-444500000.0|-31460000.0|16379999.999999998|94320000.0|150050000.0|0.61|1.11|1.16|1.26|1.32|108310000.00|78320000.0|75340000.0|129860000.00000001|121620000.0|62800000.0|44670000.0|55760000.0|103260000.0|105330000.0|-45510000.00|-33650000.0|-19580000.0|-26590000.0|-16300000.0|50410000.00|48640000.0|50400000.0|52460000.0|54180000.0|3450000.00|1960000.0|-24620000.0|-6760000.0|-27710000.0|21250000.00|-6880000.0|21700000.0|-8410000.0|17010000.0|-76330000.00|-2990000.0|-92810000.0|-81250000.0|-49190000.0|-10730000.00|-82200000.0|39160000.0|-57010000.0|-55430000.0|10.88|7.79|8.83|15.68|14.36|12.26|2.52|6.18|10.98|11.21|3.99|1.23|2.92|5.43|6.22|6.72|2.3|5.85|11.06|12.76|1.83|0.2|0.08|0.0|0.0|1.61|0.05|-0.02|-0.12|-0.19
CKP|18.9|6.78|0.44|14.75|25.37|7.65|9.02|2.44|26.15|44.98|0.75|5.0|3.79|24.84|87|53|13|153||6.42|3.76|3.35|6.46|5.00|29.0||2.84|3.40|4.42|4.22|3.72|17.1|UP|UP||3276|4045|4068|4785|4044|4|UP||11410000000.0|10919000000.0|10789000000.0|10638000000.0|||||||||||||||||1807000000.0|2195000000.0|2879000000.0|2857000000.0|||||||1807000000.0|2195000000.0|2879000000.0|2857000000.0||3836000000.0|4204000000.0|4886000000.0|4862000000.0||33.62|38.51|45.28|45.7||2893000000.0|2017000000.0|2325000000.0|3861000000.0||1.64|4.41|4.56|2.85||2436000000.0|1462000000.0|1345000000.0|2782000000.0||21.35|13.39|12.46|26.15||0.3|0.18|0.17|0.34||11.8|-39.98|-8.04|106.9||-1075000000.0|-1065000000.0|-1169000000.0|-1201000000.0||2029000000.0|2009000000.0|2007000000.0|2005000000.0||70056000000.0|68765000000.0|72265000000.0|76818000000.0||32116000000.0|29847000000.0|32132000000.0|33740000000.0||26550000000.0|27264000000.0|28057000000.0|30607000000.0||5914000000.0|5580000000.0|8528000000.0|9593000000.0||30535000000.0|28336000000.0|30590000000.0|32353000000.0||26799000000.0|23362000000.0|25004000000.0|26552000000.0||-23264000000.0|-21377000000.0|-22061000000.0|-22758000000.0||3.27|3.35|3.45|3.76||3320000000.0|4178000000.0|4276000000.0|4945000000.0||3276000000.0|4045000000.0|4068000000.0|4785000000.0||-43680000.0|-133110000.00000001|-208680000.0|-159760000.0||2069000000.0|2047000000.0|2007000000.0|2005000000.0||-76110000.0|500360000.0|-20020000.0|634400000.0||-1168000000.0|-333680000.0|2947000000.0|1065000000.0||-3016000000.0|-4180000000.0|-74480000.0|-710860000.0||-1471000000.0|-325420000.0|-1256000000.0|-3165000000.0||28.72|37.05|37.7|44.98||7.68|5.02|5.61|9.02||1.63|1.98|2.55|2.4|||||||0.81|0.73|0.76|0.75||0.61|0.55|0.55|0.53
SIS|7.8|8.95|1.71|11.17|21.04|6.59|20.19|17.49|2.91|5.49|0.28|6.0|5.45|44.74|72|65|16|153|24.38|19.49|17.12|17.01|19.12|19.42|13.8|9.55|10.29|11.04|12.52|17.89|12.26|24.3|flat|UP|-2330|932|1734|1416|1651|681|4|UP|32314000000|29062000000.0|27668000000.0|28821000000.0|30094000000.0|30371000000|27137000000.0|25714000000.0|26617000000.0|27680000000.0|1944000000|1925000000.0|1953000000.0|2204000000.0|2413000000.0|6.02|6.62|7.06|7.65|8.02|883220000.00|929930000.0|873530000.0|932440000.0|1148000000.0|2.73|3.2|3.16|3.23|3.82|883220000.00|929930000.0|873530000.0|932440000.0|1148000000.0|936640000.00|987910000.0|936240000.0|996310000.0|1212000000.0|2.90|3.4|3.38|3.46|4.03|988410000.00|858080000.0|799550000.0|869740000.0|1097000000.0|19.81|19.77|19.26|19.79|20.13|792620000.00|688480000.0|645590000.0|697600000.0|876420000.0|2.45|2.37|2.33|2.42|2.91|2260000.00|1.97|1.84|1.99|2.5|32.66|-13.14|-6.23|8.06|25.63|-27150000.00|-47390000.0|-89280000.0|-73210000.0|-51920000.0|53420000.00|57980000.0|62710000.0|63870000.0|63550000.0|11979000000|10756000000.0|10203000000.0|10678000000.0|11196000000.0|8728000000|7224000000.0|6434000000.0|6579000000.0|6612000000.0|3251000000|3532000000.0|3769000000.0|4099000000.0|4584000000.0|420020000.00|237200000.0|335570000.0|651230000.0|744600000.0|4589000000|3959000000.0|2954000000.0|2523000000.0|1287000000.0||||||-4169000000|-3722000000.0|-2584000000.0|-1769000000.0|-542600000.0|9.28|10.09|10.76|11.71|13.09|-2322000000|935930000.0|1735000000.0|1419000000.0|1657000000.0|-2330000000|931700000.0|1734000000.0|1416000000.0|1651000000.0|-8100000.0|-4230000.0|-490000.0|-3670000.0|-6050000.0|96190000.00|104280000.0|116590000.0|123040000.0|123740000.0|-3241000000|72890000.0|988720000.0|528500000.0|633120000.0|157130000.00|-182810000.0|98370000.0|315660000.0|93370000.0|2428000000|-1118000000.0|-1617000000.0|-1054000000.0|-1705000000.0|51050000.00|-800000.0|-19250000.0|-49420000.0|141010000.0|-7.21|3.21|6.27|4.91|5.49|26.16|20.3|17.68|17.73|20.19|5.62|5.11|5.21|5.58|6.56|12.06|10.17|10.37|12.24|16.68|1.41|1.12|0.78|0.62|0.28|1.28|1.05|0.69|0.43|0.12
CMAN|2.4|6.69|0.89|14.94|22.99|5.2|13.68|9.59|9.59|14.75|0.97|5.0|5.95|31.88|84|52|17|153||6.45|5.62|9.88|13.24|8.80|34.3||4.13|4.59|8.24|9.62|6.64|35.2|UP|UP||345|581|563|556|511|4|UP||3874000000.0|3572000000.0|3924000000.0|3769000000.0||2720000000.0|2390000000.0|2411000000.0|2322000000.0||1155000000.0|1183000000.0|1513000000.0|1447000000.0||29.8|33.11|38.56|38.38||343790000.0|383250000.0|607860000.0|571130000.0||8.87|10.73|15.49|15.15||343790000.0|383250000.0|607860000.0|571130000.0||676000000.0|711040000.0|939450000.0|909550000.0||17.45|19.9|23.94|24.13||177980000.0|165740000.0|325510000.0|408010000.0||27.98|32.06|26.95|11.5||151800000.0|136090000.0|251630000.0|361380000.0||3.92|3.81|6.41|9.59||0.16|0.14|0.26|0.38||54.39|-10.35|84.9|43.62||-156890000.0|-217020000.0|-171110000.0|-121330000.0||332200000.0|327780000.0|331580000.0|338420000.0||6768000000.0|6391000000.0|6472000000.0|6041000000.0||4416000000.0|3972000000.0|3925000000.0|3310000000.0||2275000000.0|2366000000.0|2508000000.0|2691000000.0||122660000.0|165170000.0|415380000.0|135380000.0||3769000000.0|3416000000.0|3257000000.0|2662000000.0||2041000000.0|1629000000.0|1663000000.0|1418000000.0||-3647000000.0|-3251000000.0|-2842000000.0|-2527000000.0||2.37|2.46|2.61|2.8||617600000.0|733680000.0|808540000.0|833960000.0||344900000.0|581140000.0|562600000.0|556100000.0||-272700000.0|-152540000.0|-245940000.0|-277860000.0||366790000.0|361270000.0|366700000.0|364670000.0||-62310000.0|47100000.0|-40380000.0|-9010000.0||-71280000.0|42520000.0|250210000.0|-280010000.0||-451730000.0|-622490000.0|-387730000.0|-882330000.0||-255520000.0|-113570000.0|-257820000.0|-293700000.0||8.9|16.27|14.34|14.75||5.52|4.72|9.57|13.68||3.12|3.64|5.91|5.71||4.1|4.46|8.03|9.5||1.6|1.41|1.28|0.98||1.55|1.34|1.12|0.93
WINNER|1.3|9.11|1.95|10.98|12.13|7.3|21.91|17.06|6.05|6.68|0.44|7.0|8.49|77.32|65|71|17|153||1.60|18.46|14.49|21.41|13.99|54.1||2.82|13.92|10.90|17.55|11.30|48.1|UP|UP||-16|235|70|154|111|3|UP||2040000000.0|2072000000.0|2137000000.0|2310000000.0||1591000000.0|1600000000.0|1668000000.0|1789000000.0||449270000.0|471550000.0|469720000.0|521090000.00000006||22.02|22.76|21.98|22.56||152560000.0|158700000.0|139240000.0|195020000.0||7.48|7.66|6.51|8.44||152560000.0|158700000.0|139240000.0|195020000.0||173710000.0|178850000.0|158030000.0|213300000.0||8.51|8.63|7.39|9.23||51430000.0|146590000.0|126250000.0|171750000.0||81.72|22.39|28.57|18.68||9400000.0|113770000.0|90180000.0|139680000.0||0.46|5.49|4.22|6.05||0.02|0.19|0.15|0.23||-91.35|1109.84|-20.74|54.89||-5770000.0|-8520000.0|-8960000.0|-7960000.0||21150000.0|20140000.0|18790000.0|18280000.0||1321000000.0|1232000000.0|1289000000.0|1239000000.0||734040000.0|615830000.0|666950000.0|586620000.0||586960000.0|616170000.0|622050000.0|652380000.0||33960000.0|33850000.0|44270000.0|33840000.0||436740000.0|302260000.0|334210000.0|285280000.0|||||||-402780000.0|-268410000.00000003|-289940000.0|-251440000.0||0.98|1.03|1.04|1.09||-3930000.0|248980000.0|92780000.0|183490000.0||-15820000.0|235380000.0|69980000.0|154310000.0||-11890000.0|-13590000.0|-22800000.0|-29180000.0||34670000.0|33270000.000000004|29600000.0|29110000.0||-156910000.0|93350000.0|-64489999.99999999|-11240000.0||-3960000.0|-240000.0|10420000.0|-10430000.0||22160000.0|-232050000.0|-56000000.0|-165450000.0||-22200000.0|-17170000.0|-26360000.0|-28480000.0||-0.78|11.36|3.27|6.68||1.48|18.92|14.56|21.91||7.33|7.77|6.9|9.64||2.89|13.15|11.07|17.46||0.75|0.49|0.54|0.44||0.69|0.44|0.47|0.39
DMT|13.2|12.33|1.55|8.11|13.17|5.96|12.64|13.95|40.53|65.8|0.0|7.0|7.86|94.59|58|79|15|152|4.22|7.99|11.77|10.59|12.60|9.43|32.2|4.52|8.16|10.97|10.62|13.38|9.53|31.5|UP|UP|474|1148|1475|1567|1742|1281|5|UP|1202000000|1832000000.0|2325000000.0|2469000000.0|2648000000.0|518140000.00|654960000.0|839270000.0|1099000000.0|1071000000.0|684240000.00|1177000000.0|1486000000.0|1370000000.0|1577000000.0|56.91|64.25|63.9|55.47|59.56|506620000.00|969680000.0|1248000000.0|1121000000.0|1317000000.0|42.13|52.93|53.69|45.41|49.75|506620000.00|969680000.0|1248000000.0|1121000000.0|1317000000.0|732930000.00|1334000000.0|1778000000.0|1858000000.0|2039000000.0|60.96|72.8|76.47|75.25|77.02|489310000.00|977030000.0|1252000000.0|1128000000.0|1341000000.0|17.37|20.11|20.1|20.47|19.93|404300000.0|780580000.0|1001000000.0|897430000.0|1073000000.0|33.63|42.61|43.05|36.35|40.53|360000.00|0.66|0.85|0.76|0.91|-48.91|93.07|28.24|-10.35|19.58|-24190000.00|-2040000.0|-22580000.0|-20870000.0|-4360000.0|226310000.00|364060000.0|529549999.99999994|736810000.0|721930000.0|10256000000|10464000000.0|10037000000.0|9421000000.0|9321000000.0|682690000.00|692110000.0|1534000000.0|942930000.0|804870000.0|9573000000|9772000000.0|8491000000.0|8466000000.0|8504000000.0|321750000.00|306940000.0|252870000.0|315740000.0|672450000.0|16690000.00|29010000.0|837560000.0|233850000.0|40120000.0||||||405060000.00|995230000.0|-425050000.0|454800000.0|1081000000.0|8.10|8.27|7.19|7.17|7.2|483590000.00|1160000000.0|1531000000.0|1643000000.0|1772000000.0|474430000.00|1148000000.0|1475000000.0|1567000000.0|1742000000.0|-9160000.00|-12590000.0|-56730000.0|-76260000.0|-29980000.0|226310000.00|364060000.0|529549999.99999994|736810000.0|721930000.0|-198800000.0|-149630000.0|-71880000.0|-40150000.0|-60010000.0|-95440000.00|-14820000.0|-54070000.0|62870000.0|356710000.0|-620230000.00|-602080000.0|-1479000000.0|-1576000000.0|-1235000000.0|41200000.0|-573190000.0|-106950000.0|-4110000.0000000005|-180450000.0|39.46|62.65|63.42|63.47|65.8|4.71|8.07|10.95|10.57|12.64|3.03|5.85|7.61|7.2|8.79|4.53|8.36|10.91|10.52|13.64|0.00|0.0|0.1|0.03|0.01|-0.04|-0.1|0.05|-0.05|-0.13
TQR|1.1|11.24|2.17|8.9|9.63|5.0|19.41|132.75|36.25|39.21|0.01|6.0|8.1|88.93|54|83|15|152||19.77|20.08|19.57|19.32|19.68|1.4||22.41|24.18|23.59|25.75|23.98|5.0|flat|flat||89|102|133|109|108|4|UP||243500000.0|249930000.0|258920000.00000003|278990000.0||56690000.0|57730000.0|59590000.0|62080000.0||186800000.0|192200000.0|199320000.0|216910000.0||76.72|76.9|76.98|77.75||123740000.0|131340000.0|123680000.0|131130000.0||50.82|52.55|47.77|47.0||123740000.0|131340000.0|123680000.0|131130000.0||125380000.0|133020000.00000001|125410000.0|132979999.99999999||51.49|53.22|48.44|47.66||123040000.0|125700000.0|125680000.0|126100000.0||20.14|20.2|20.24|20.28||98230000.0|100310000.0|100350000.0|101120000.0||40.34|40.13|38.76|36.24||0.43|0.44|0.44|0.44||0.76|2.12|0.04|0.77||-700000.0|-480000.0|-510000.0|-550000.0||1650000.0|1680000.0|1730000.0|1850000.0||595320000.0|591570000.0|599050000.0|632300000.0||98520000.0|91970000.0|86390000.0|109010000.0||495440000.0|498230000.0|511390000.0|523280000.0||64480000.00000001|70780000.0|102580000.0|124730000.0||8630000.0|4660000.0|8039999.999999999|7380000.0|||||||420730000.0|387990000.0|423730000.0|440790000.0||2.15|2.17|2.22|2.28||90110000.0|102780000.0|141510000.0|110860000.0||88920000.0|101640000.0|133110000.00000001|109390000.0||-1190000.0|-1140000.0|-8400000.0|-1470000.0||6500000.0|6360000.0|5920000.0|5490000.0||-16000000.0|-7410000.0|36640000.0|2170000.0||-84080000.0|6300000.0|31800000.0|22150000.0||-70760000.0|-101490000.0|-97140000.0|-93890000.0||-103990000.0|5010000.0|-12560000.0|5200000.0||36.52|40.67|51.41|39.21||20.56|20.14|19.81|19.41||13.54|13.83|12.98|13.31||149.98|111.69|98.39|121.96||0.02|0.01|0.02|0.01||-0.85|-0.78|-0.83|-0.84
AMARC|1.6|10.44|2.72|9.7|9.66|7.37|28.24|35.94|32.05|31.93|0.03|7.0|6.35|45.01|45|87|19|151|11.74|2.65|1.87|7.66|26.34|10.05|88.5|8.13|4.69|2.19|6.25|21.93|8.64|80.2|UP|UP|54|33|-13|58|158|58|4|UP|248550000.00|264260000.0|293850000.0|349090000.0|494660000.0|141020000.00|158170000.0|180740000.0|205400000.0|225720000.0|107530000.00|106090000.0|113110000.0|143690000.0|268940000.0|43.26|40.15|38.49|41.16|54.37|34370000.00|24120000.0|15780000.0|41380000.0|158270000.0|13.83|9.13|5.37|11.85|32.0|34370000.00|24120000.0|15780000.0|41380000.0|158270000.0|58990000.00|53300000.0|20450000.0|75820000.0|194280000.0|23.73|20.17|6.96|21.72|39.27|27480000.00|17940000.0|12610000.0|39560000.0|157310000.0|9.52|19.11|23.54|||24860000.00|14520000.0|9640000.0|39900000.0|158560000.0|10.00|5.49|3.28|11.43|32.05|80000.00|0.04|0.02|0.09|0.38|-12.53|-41.62|-33.56|313.7|297.41|-6890000.00|-6170000.0|-2830000.0|-1820000.0|-960000.0|24610000.00|29180000.0|4670000.0|34440000.0|36010000.0|448130000.00|699350000.0|648670000.0|641510000.0|705380000.0|236290000.00|151450000.0|134340000.0|120460000.0|103490000.0|211840000.00|547900000.0|514330000.0|521050000.0|601890000.0|3110000.00|227420000.0|33020000.000000004|30050000.0|45560000.0|173590000.00|95690000.0|69210000.0|38370000.0|21020000.0|71400000.0|||||-168760000.00|131860000.00000001|54840000.0|72550000.0|165320000.0|0.71|1.3|1.22|1.24|1.43|73600000.0|53520000.0|45360000.0|79600000.0|207630000.0|54380000.00|32750000.0|-12590000.0|57660000.0|157960000.0|-19230000.00|-20770000.0|-57950000.0|-21930000.0|-49660000.0|27970000.00|33049999.999999996|36680000.0|39960000.0|41150000.0|8090000.00|-5250000.0|-5680000.0|-1550000.0|8140000.000000001|1520000.00|44310000.0|-14390000.0|-3090000.0|15510000.0|-52640000.00|192380000.0|-82200000.0|-66459999.99999999|-94330000.0|-19440000.00|-201590000.0|22440000.0|-16230000.0|-97790000.0|21.88|12.39|-4.29|16.52|31.93|12.13|3.82|1.82|7.71|28.24|4.94|2.63|1.46|4.01|14.69|8.17|4.9|2.76|9.12|35.76|0.82|0.18|0.14|0.07|0.04|0.80|-0.24|-0.11|-0.14|-0.28
SISB|9.8|10.16|2.48|9.84|8.73|6.9|26.25|39.34|37.26|33.05|0.14|5.0|4.9|41.04|54|80|16|150|10.36|16.13|23.44|26.17|24.36|20.09|29.6|10.32|16.15|30.39|27.76|28.85|22.69|35.2|UP|UP|-142|171|472|751|853|421|4|UP|1071000000|1340000000.0|1931000000.0|2394000000.0|2582000000.0|558420000.00|653310000.0|897510000.0|1078000000.0|1179000000.0|512830000.00|686650000.0|1033000000.0|1316000000.0|1403000000.0|47.87|51.24|53.51|54.96|54.35|229750000.00|385680000.0|651200000.0|871460000.0|922460000.0|21.45|28.78|33.73|36.4|35.73|229750000.00|385680000.0|651200000.0|871460000.0|922460000.0|359810000.00|520970000.0|816250000.0|1067000000.0|1128000000.0|33.59|38.88|42.28|44.58|43.68|208900000.0|370190000.0|654600000.0|894000000.0|972790000.0|0.07|0.25|0.16|0.99|1.11|208750000.00|369280000.0|653530000.0|885190000.0|961980000.0|19.49|27.56|33.85|36.97|37.26|220000.00|0.39|0.7|0.94|1.02|30.53|76.9|76.98|35.45|8.67|-23630000.00|-22740000.0|-22440000.0|-25340000.0|-29710000.0|130060000.00|135290000.0|165050000.0|196040000.0|205210000.0|3334000000|3914000000.0|4636000000.0|5488000000.0|6165000000.0|1319000000|1625000000.0|1848000000.0|2106000000.0|2217000000.0|2013000000|2289000000.0|2787000000.0|3381000000.0|3948000000.0|245640000.00|364550000.0|1093000000.0|820580000.0|1358000000.0|457370000.00|456290000.0|444570000.0|546510000.0|571290000.0||||||306610000.00|353380000.0|668520000.0|1029000000.0|1520000000.0|2.14|2.43|2.96|3.6|4.2|428710000.00|700300000.0|1170000000.0|1228000000.0|1188000000.0|-142480000.00|171330000.0|471600000.0|751080000.0|853280000.0|-571190000.00|-528970000.0|-698160000.0|-476690000.0|-334660000.0|152790000.00|159730000.0|190020000.0|223260000.0|234930000.0|40420000.00|140850000.0|327720000.0|132949999.99999999|32659999.999999996|-266660000.00|118910000.0|728540000.0|-272510000.0|536990000.0|-104220000.00|-129870000.0|-186760000.0|-331430000.0|-437220000.0|-591150000.00|-451520000.0|-254460000.0|-1169000000.0|-213720000.0|-13.30|12.79|24.43|31.37|33.05|10.73|17.16|25.74|28.7|26.25|4.42|6.65|9.52|10.76|9.89|15.23|21.11|32.06|38.59|38.16|0.23|0.2|0.16|0.16|0.14|-0.15|-0.15|-0.24|-0.3|-0.38
PYLON|2.1|10.17|1.91|9.83|12.09|4.95|20.4|33.83|14.16|17.41|0.08|6.0|8.39|85.38|58|77|15|150|4.07|11.39|10.17|0.05|18.75|8.89|72.3|6.08|13.01|10.83|-0.98|20.76|9.94|72.7|UP|UP|222|-31|240|91|259|156|4|UP|785870000.00|1147000000.0|1479000000.0|813600000.0|1489000000.0|675650000.00|934760000.0|1272000000.0|750240000.0|1149000000.0|110220000.00|212000000.0|207620000.0|63360000.0|340210000.0|14.03|18.49|14.04|7.79|22.85|43250000.00|137390000.0|124360000.0|-10230000.0|252960000.0|5.50|11.98|8.41|-1.26|16.99|43250000.00|137390000.0|124360000.0|-10230000.0|252960000.0|126950000.00|224960000.0|205320000.0|61460000.0|315330000.0|16.16|19.62|13.88|7.55|21.18|43820000.00|146720000.0|130509999.99999999|-1360000.0|260720000.00000003|9.27|18.35|18.52||19.15|39760000.00|119790000.0|106340000.0|500000.0|210790000.0|5.06|10.45|7.19|0.06|14.16|50000.00|0.16|0.14|0.0|0.28|-78.22|201.32|-11.24|-99.53|41954.75|-2830000.00|-1320000.0|-1280000.0|-1550000.0|-2850000.0|83710000.00|87570000.0|80960000.0|71690000.0|62370000.0|1212000000|1279000000.0|1269000000.0|1097000000.0|1513000000.0|234810000.00|226650000.0|222640000.0|153920000.0|389350000.0|977510000.00|1052000000.0|1046000000.0|942910000.0|1124000000.0|378090000.00|205600000.0|131860000.00000001|141750000.0|223770000.0|45720000.00|15610000.0|21200000.0|30310000.0|85020000.0||2430000.0|8570000.0|4280000.0||372370000.00|295070000.0|425820000.0|402130000.0|561180000.0|1.30|1.4|1.4|1.26|1.5|265040000.00|-11390000.0|261260000.0|101330000.0|297700000.0|222120000.00|-31070000.0|239860000.0|91390000.0|259230000.00000003|-42930000.00|-19690000.0|-21400000.0|-9930000.0|-38470000.0|96320000.00|93880000.0|86630000.0|74550000.0|66849999.99999999|163280000.00|-226380000.0|42840000.0|48680000.0|-65700000.0|185120000.00|-172490000.0|-73740000.0|9890000.0|82020000.0|-147820000.00|-77590000.0|-107250000.0|-114780000.0|-47480000.0|67890000.00|-83510000.0|-227740000.0|23350000.0|-168200000.0|28.26|-2.71|16.21|11.23|17.41|3.93|11.8|10.13|0.05|20.4|2.13|6.89|6.1|-0.54|12.12|5.62|16.47|14.71|-1.76|37.07|0.05|0.02|0.02|0.03|0.08|-0.38|-0.28|-0.41|-0.43|-0.5
JCT|1.1|9.28|0.75|10.77|11.87|4.06|8.2|12.16|13.1|14.43|None|6.0|6.02|75.67|79|54|17|150|5.20|6.78|7.06|7.11|8.05|6.84|13.5|5.40|8.09|7.36|7.52|9.39|7.55|17.1|UP|UP|97|35|51|88|128|80|5|UP|712250000.00|763180000.0|827330000.0|836470000.0|885730000.0|408440000.00|409190000.0|441010000.0|452790000.0|484450000.0|303810000.00|353990000.0|386320000.0|383680000.0|401280000.0|42.66|46.38|46.7|45.87|45.3|74330000.00|108920000.0|114440000.0|113420000.0|135070000.0|10.44|14.27|13.83|13.56|15.25|74330000.00|108920000.0|114440000.0|113420000.0|135070000.0|96660000.00|129340000.0|133870000.0|130639999.99999999|151790000.0|13.57|16.95|16.18|15.62|17.14|79560000.00|109840000.0|116390000.0|120890000.0|131550000.00000001|17.67|19.5|18.27|18.38|11.83|65500000.0|88420000.0|95130000.0|98670000.0|115990000.0|9.20|11.59|11.5|11.8|13.1|4850000.00|6.55|7.05|7.31|8.59|-2.70|34.99|7.59|3.72|17.55|-330000.00|-380000.0|-610000.0|-730000.0|-780000.0|22340000.00|20410000.0|19430000.0|17220000.0|16719999.999999998|1461000000|1603000000.0|1569000000.0|1582000000.0|1641000000.0|202080000.00|297390000.0|222570000.0|193850000.0|201070000.0|1258920000.00|1305610000.0|1346430000.0|1388150000.0|1439930000.0|125300000.0|221590000.0|76930000.0|156540000.0|171740000.0||470000.0|||||||||406000000|471600000.0|258700000.0|398060000.0|460100000.0|93.28|96.69|99.74|102.81|106.69|108270000.00|45070000.0|66390000.0|93090000.0|137380000.0|96940000.00|34830000.0|51490000.0|88460000.0|127790000.0|-11330000.00|-10240000.0|-14900000.0|-4630000.0|-9590000.0|22340000.00|20410000.0|19430000.0|17220000.0|16719999.999999998|18470000.00|-68640000.0|-39770000.0|-17870000.0|20040000.0|-97980000.00|96290000.0|-144660000.0|79600000.0|15210000.0|-46250000.00|-46140000.0|-53060000.0|-55580000.0|-87770000.0|-158880000.00|98970000.0|-156900000.0|39560000.0|-31930000.0|13.61|4.56|6.22|10.58|14.43|5.34|6.89|7.17|7.22|8.2|3.27|4.44|4.51|4.5|5.24|7.25|10.39|9.74|8.91|12.09||||||-0.32|-0.36|-0.19|-0.29|-0.32
SAMART|5.4|11.34|0.77|8.88|19.44|3.81|9.89|10.31|4.39|9.62|0.61|8.0|5.19|20.99|75|57|17|149||-24.79|-6.17|1.96|6.86|-5.54|999.0||0.51|4.25|5.53|10.40|5.17|68.4|UP|UP||-287|677|2507|1049|987|3|UP||9151000000.0|10254000000.0|10139000000.0|10910000000.0||7510000000.0|8359000000.0|7899000000.0|8406000000.0||1641000000.0|1895000000.0|2240000000.0|2504000000.0||17.93|18.48|22.09|22.95||79990000.0|591020000.0|798810000.0|1199000000.0||0.87|5.76|7.88|10.99||79990000.0|591020000.0|798810000.0|1199000000.0||731870000.0|1407000000.0|1745000000.0|2176000000.0||8.0|13.72|17.21|19.95||-850670000.0|-495340000.0|485180000.0|901720000.0||||37.99|24.55||-955150000.0|-389920000.0|132919999.99999999|479310000.0||-10.44|-3.8|1.31|4.39||-0.95|-0.39|0.13|0.48|||||260.59||-458630000.0|-513570000.00000006|-321660000.0|-262029999.99999997||651880000.0|816090000.0|946090000.0|976790000.0||19336000000.0|19109000000.0|18099000000.0|17027000000.0||15483000000.0|12787000000.0|11329000000.0|10043000000.0||2679000000.0|4854000000.0|5104000000.0|5325000000.0||1636000000.0|2455000000.0|3035000000.0|2563000000.0||10284000000.0|7247000000.0|5224000000.0|4276000000.0||3393000000.0|2395000000.0|1440000000.0|1034000000.0||-8615000000.0|-4788000000.0|-2104000000.0|-1512000000.0||2.66|4.82|5.07|5.32||904740000.0|1088000000.0|3100000000.0|1483000000.0||-286920000.0|677260000.0|2507000000.0|1049000000.0||-1192000000.0|-410710000.0|-592720000.0|-433210000.0||771940000.0|903100000.0|1023000000.0|1048000000.0||266760000.0|-838270000.0|1614000000.0|-859390000.0||327520000.0|819230000.0|580120000.0|-472150000.0||645390000.0|16880000.0|-2028000000.0|-1361000000.0||-1234000000.0|-282960000.0|-471580000.0|-525730000.0||-3.14|6.6|24.73|9.62||-31.07|-12.66|4.6|9.89||0.27|1.92|2.68|4.27||0.63|5.01|4.96|10.42||2.67|1.15|0.77|0.61||2.24|0.76|0.31|0.22
MC|8.8|11.84|2.31|8.44|10.75|6.56|19.35|26.58|16.89|21.51|0.31|5.0|8.65|102.46|58|75|15|148|12.37|13.22|17.30|19.06|20.45|16.48|19.3|11.61|13.97|15.55|16.26|17.89|15.06|14.2|UP|UP|729|832|340|846|1009|751|5|UP|3246000000|2947000000.0|3690000000.0|4104000000.0|4208000000.0|1301000000|1031000000.0|1291000000.0|1451000000.0|1497000000.0|1946000000|1916000000.0|2400000000.0|2654000000.0|2711000000.0|59.93|65.02|65.03|64.65|64.43|544280000.00|610280000.0|812660000.0|929720000.0|951490000.0|16.77|20.71|22.02|22.65|22.61|544280000.00|610280000.0|812660000.0|929720000.0|951490000.0|601190000.00|661990000.0|874600000.0|1021000000.0|1040000000.0|18.52|22.46|23.7|24.88|24.7|524170000.00|590950000.0|796560000.0|896870000.0|926790000.0|14.91|18.04|19.2|20.48|17.95|445710000.00|485760000.0|643630000.0|713160000.0|760420000.0|13.73|16.48|17.44|17.38|18.07|560000.00|0.61|0.81|0.9|0.96|9.49|8.99|32.5|10.8|6.63|-28090000.00|-20450000.0|-20000000.0|-35970000.0|-38710000.0|56910000.00|51710000.0|61940000.0|91610000.0|88120000.0|5214000000|5062000000.0|5371000000.0|5569000000.0|5500000000.0|1612000000|1387000000.0|1650000000.0|1828000000.0|1782000000.0|3591000000|3665000000.0|3719000000.0|3740000000.0|3717000000.0|727540000.00|955930000.0|482180000.0|431780000.0|495670000.0|1113000000|860280000.0|983530000.0|1238000000.0|1142000000.0||||||750790000.00|1135000000.0|743150000.0|495550000.0|841530000.0|4.53|4.63|4.7|4.72|4.69|749550000.00|901320000.0|739920000.0|936770000.0|1044000000.0|729020000.00|831750000.0|339870000.0|846490000.0|1009000000.0|-20530000.00|-69580000.0|-400050000.0|-90280000.0|-34880000.0|380180000.00|357520000.0|366010000.0|393040000.0|392300000.0|109980000.00|-56650000.0|-105820000.0|-173390000.0|41170000.0|127000000|228390000.0|-473740000.0|-50410000.0|63890000.0|-610870000.00|-558730000.0|-749470000.0|-881990000.0|-947160000.0|-11690000.00|-114200000.0|-464190000.0|-105180000.0|-33180000.0|22.46|28.22|9.21|20.62|23.98|12.40|13.31|17.4|19.11|20.39|7.32|7.42|9.74|10.62|10.75|15.25|18.56|23.8|23.76|25.51|0.31|0.23|0.26|0.33|0.31|-0.21|-0.31|-0.2|-0.13|-0.23
ILM|6.8|9.05|1.06|11.05|17.56|5.27|11.95|9.1|7.53|11.97|0.63|5.0|7.41|67.04|76|55|17|148|8.53|11.63|12.14|12.06|11.74|11.22|12.1|6.62|8.55|9.40|9.35|9.03|8.59|12.0|flat|flat|1716|1526|1344|887|1197|1334|5|DOWN|8410000000|8995000000.0|9416000000.0|9890000000.0|10001000000.0|4724000000|4877000000.0|5026000000.0|5292000000.0|5181000000.0|3686000000|4118000000.0|4390000000.0|4599000000.0|4820000000.0|43.83|45.78|46.63|46.5|48.2|771670000.00|981410000.0|1078000000.0|1118000000.0|1140000000.0|9.18|10.91|11.45|11.3|11.39|771670000.00|981410000.0|1078000000.0|1118000000.0|1140000000.0|1402000000|1574000000.0|1671000000.0|1705000000.0|1773000000.0|16.68|17.5|17.75|17.23|17.73|529380000.00|781020000.0|862430000.0|903300000.0|923270000.0|14.40|15.61|16.21|17.8|18.5|453170000.00|659060000.0|725980000.0|745350000.0|753230000.0|5.39|7.33|7.71|7.54|7.53|900000.00|1.31|1.44|1.48|1.49|7.58|45.43|10.15|2.67|1.06|-246460000.00|-214340000.0|-215940000.0|-214440000.0|-216400000.0|630780000.00|592320000.0|592780000.0|586810000.0|633580000.0|12356000000|12032000000.0|12324000000.0|12585000000.0|13257000000.0|7045000000|6364000000.0|6346000000.0|6407000000.0|6842000000.0|5310000000|5668000000.0|5965000000.0|6167000000.0|6416000000.0|107090000.00|77230000.0|273530000.0|210560000.0|176610000.0|4775000000|4101000000.0|3907000000.0|3863000000.0|4052000000.0|864290000.00|99080000.0||||-4668000000|-4024000000.0|-3633000000.0|-3653000000.0|-3876000000.0|10.51|11.22|11.81|12.21|12.7|1809000000|1780000000.0|1670000000.0|1795000000.0|1979000000.0|1716000000|1526000000.0|1344000000.0|886720000.0|1197000000.0|-93130000.00|-254320000.0|-326290000.0|-908420000.0|-781660000.0|871800000.0|830610000.0|818570000.0|820650000.0|889440000.0|188910000.00|5290000.0|-145740000.0|25590000.0|62720000.0|640000.00|-29860000.0|196300000.0|-62970000.0|-33950000.0|-1658000000|-1410000000.0|-931960000.0|-873490000.0|-773900000.0|-149740000.00|-400150000.0|-541590000.0|-984620000.0|-1239000000.0|20.40|16.96|14.27|8.97|11.97|8.72|12.01|12.41|12.21|11.95|3.81|5.03|5.53|5.61|5.51|6.34|8.42|9.36|9.45|9.23|0.90|0.72|0.65|0.63|0.63|0.88|0.71|0.61|0.59|0.6
FORTH|6.7|8.18|1.59|12.23|16.13|5.32|29.53|14.55|7.1|9.36|1.2|8.0|2.92|None|72|68|8|148||23.78|17.45|6.90|19.40|16.88|36.7||15.16|12.99|7.39|15.15|12.67|25.1|UP|UP||-722|604|-146|1086|206|2|UP||9754000000.0|9820000000.0|9149000000.0|11608000000.0||7141000000.0|7236000000.0|6903000000.0|8479000000.0||2613000000.0|2584000000.0|2246000000.0|3129000000.0||26.79|26.31|24.55|26.96||1342000000.0|1169000000.0|804690000.0|1612000000.0||13.76|11.91|8.79|13.89||1342000000.0|1169000000.0|804690000.0|1612000000.0||1813000000.0|1738000000.0|1462000000.0|2210000000.0||18.59|17.7|15.98|19.04||1257000000.0|976810000.0|604940000.0|1427000000.0||18.41|17.44|25.89|22.88||774900000.0|572560000.0|221300000.0|823700000.0||7.94|5.83|2.42|7.1||0.83|0.61|0.24|0.88||7.21|-26.11|-61.35|272.21||-101560000.0|-189020000.0|-203600000.0|-193380000.0||470900000.0|569040000.0|657490000.0|597530000.0||11385000000.0|11049000000.0|12138000000.0|12635000000.0||8127000000.0|7767000000.0|8932000000.0|8390000000.0||2095000000.0|2088000000.0|1943000000.0|2770000000.0||767070000.0|807490000.0|833130000.0|1154000000.0||4729000000.0|4953000000.0|5695000000.0|5114000000.0||163870000.0|925580000.0|620870000.0|431290000.0||-3962000000.0|-4146000000.0|-4862000000.0|-3960000000.0||2.24|2.23|2.08|2.96||894330000.0|1962000000.0|358460000.0|1470000000.0||-721930000.0|604420000.0|-146260000.0|1086000000.0||-1616000000.0|-1358000000.0|-504720000.0|-383950000.0||512380000.0|625610000.0|719690000.0|668390000.0||-765260000.0|486570000.0|-994390000.0|-668600000.0||-60520000.0|87290000.0|26700000.0|320680000.0||769120000.0|-648480000.0|185710000.0|-708210000.0||-1723000000.0|-1227000000.0|-517940000.00000006|-444520000.0||-7.4|6.16|-1.6|9.36||34.89|24.66|13.82|29.53||8.3|6.51|4.34|8.13||17.64|13.18|7.7|15.28||1.45|1.51|1.78|1.21||1.22|1.26|1.52|0.93
SVT|0.9|9.81|0.64|10.2|18.99|1.97|6.66|7.66|3.16|5.89|0.01|7.0|4.07|35.88|85|46|17|148|5.79|7.02|4.77|5.86|6.52|5.99|12.7|8.44|7.73|4.84|6.38|7.60|7.00|18.1|flat|flat|-31|-143|-75|108|163|5|2|UP|1963000000|2245000000.0|2359000000.0|2642000000.0|2777000000.0|1302000000|1473000000.0|1533000000.0|1711000000.0|1785000000.0|660960000.00|771290000.0|825920000.0|931720000.0|991830000.0|33.66|34.36|35.02|35.26|35.71|90430000.00|106550000.0|75450000.0|98500000.0|110070000.0|4.61|4.75|3.2|3.73|3.96|90430000.00|106550000.0|75450000.0|98500000.0|110070000.0|228700000.0|271640000.0|268740000.0|311600000.0|337140000.0|11.65|12.1|11.39|11.79|12.14|83210000.00|106180000.0|73810000.0|95390000.0|109680000.0|19.86|19.7|19.87|20.76|19.96|66690000.00|85270000.0|59140000.0|75590000.0|87790000.0|3.40|3.8|2.51|2.86|3.16|120000.00|0.12|0.08|0.11|0.13|2.37|27.86|-30.64|27.81|16.15|-7000000|-370000.0|-1650000.0|-3220000.0|-600000.0|138270000.00|165100000.0|193290000.0|213100000.0|227070000.0|1485000000|1600000000.0|1710000000.0|1731000000.0|1845000000.0|333620000.00|386100000.0|469180000.0|439740000.0|497490000.0|1151380000.00|1213900000.0|1240820000.0|1291260000.0|1347510000.0|300670000.00|115310000.0|80380000.0|73310000.0|198710000.0|8420000.00|8710000.0|89000000.0|5160000.0|10300000.0|||65410000.0|||292240000.00|106600000.0|-8620000.0|68150000.0|188420000.0|1.64|1.73|1.77|1.84|1.92|111430000.00|115430000.0|154440000.0|262890000.0|312640000.0|-31220000.00|-143300000.0|-74650000.0|108430000.0|163490000.0|-142650000.00|-258740000.0|-229090000.0|-154470000.0|-149150000.0|144490000.00|168950000.0|197680000.0|217890000.0|232140000.0|-105590000.00|-146510000.0|-102420000.0|-49810000.0|-20090000.0|246270000.00|-185350000.0|-34930000.0|-7070000.0|125410000.0|285780000.00|-36560000.0|40360000.0|-109570000.0|-36860000.0|-150940000.00|-264230000.00000003|-229740000.0|-160400000.0|-150380000.0|-1.59|-6.39|-3.16|4.1|5.89|7.56|7.21|4.82|5.97|6.65|4.39|4.32|2.85|3.58|3.85|9.07|8.7|5.13|6.31|7.4|0.01|0.01|0.07|0.0|0.01|-0.25|-0.09|0.01|-0.05|-0.14
OSP|45.4|12.37|2.62|8.08|12.9|7.73|23.27|24.22|14.34|22.88|0.04|7.0|5.3|65.54|49|84|14|147||10.48|14.55|10.37|21.16|14.14|31.0||8.46|10.98|9.96|23.17|13.14|44.6|UP|UP||869|715|2593|5849|2506|4|UP||27272000000.0|26070000000.0|27078000000.0|25562000000.0||18915000000.0|17059000000.0|16966000000.0|15299000000.0||8357000000.0|9011000000.0|10112000000.0|10263000000.0||30.64|34.56|37.34|40.15||1942000000.0|2309000000.0|1983000000.0|3856000000.0||7.12|8.86|7.32|15.09||1942000000.0|2309000000.0|1983000000.0|3856000000.0||3369000000.0|3706000000.0|3314000000.0|5170000000.0||12.35|14.21|12.24|20.23||2293000000.0|2854000000.0|2156000000.0|4386000000.0||16.09|15.09|18.45|12.13||1934000000.0|2402000000.0|1638000000.0|3667000000.0||7.09|9.21|6.05|14.34||0.64|0.8|0.55|1.22||-40.59|24.22|-31.8|123.83||-88760000.0|-107690000.0|-117540000.0|-109400000.0||1427000000.0|1397000000.0|1330000000.0|1314000000.0||26154000000.0|24402000000.0|25135000000.0|24584000000.0||7699000000.0|7892000000.0|9343000000.0|7254000000.0||18464000000.0|16326000000.0|15493000000.0|16871000000.0||1087000000.0|1339000000.0|2190000000.0|3321000000.0||1884000000.0|2688000000.0|2630000000.0|615770000.0||459510000.0|267279999.99999997|358360000.0|218800000.0||-797000000.0|-1349000000.0|-440560000.0|3909000000.0||6.15|5.44|5.16|5.62||2141000000.0|1943000000.0|3473000000.0|6594000000.0||868860000.0|714930000.0|2593000000.0|5849000000.0||-1273000000.0|-1228000000.0|-880410000.0|-745230000.0||1551000000.0|1498000000.0|1435000000.0|1418000000.0||-1125000000.0|-1481000000.0|-1072000000.0|1165000000.0||-1407000000.0|252640000.0|850550000.0|1131000000.0||-2724000000.0|-4401000000.0|-2503000000.0|-4205000000.0||-823820000.0|2711000000.0|-119340000.0|-1258000000.0||3.19|2.74|9.57|22.88||10.03|13.86|10.88|23.27||4.55|5.71|5.0|9.69||8.63|10.56|9.49|22.85||0.1|0.16|0.17|0.04||0.04|0.08|0.03|-0.23
ESTAR|1.2|9.6|0.24|10.49|34.34|11.83|2.55|2.16|6.15|20.15|0.32|7.0|8.33|39.63|81|46|20|147|0.44|1.04|0.60|0.68|2.48|1.05|70.8|0.33|0.98|0.35|0.69|2.25|0.92|76.8|UP|UP|58|383|-317|-461|414|15|3|UP|1326000000|1820000000.0|1316000000.0|1918000000.0|2054000000.0|917010000.00|1281000000.0|896230000.0|1398000000.0|1428000000.0|409370000.00|539730000.0|420180000.0|519860000.0|625830000.0|30.86|29.65|31.92|27.11|30.47|29330000.00|81280000.0|24380000.0|78200000.0|180330000.0|2.21|4.46|1.85|4.08|8.78|29330000.00|81280000.0|24380000.0|78200000.0|180330000.0|81960000.00|121230000.0|68330000.0|123020000.0|220280000.0|6.18|6.66|5.19|6.42|10.72|28150000.00|75300000.0|37410000.0|61310000.0|159150000.0|33.27|32.14|12.81|41.88|19.05|21640000.00|51150000.0|29930000.0|34100000.0|126400000.0|1.63|2.81|2.27|1.78|6.15|0.00|0.01|0.01|0.01|0.03|-88.52|136.37|-41.49|13.96|270.63|-17860000.00|-11500000.0|-5530000.0|-16410000.0|-21320000.0|52630000.00|39950000.0|43950000.0|44820000.0|39950000.0|6753000000|6410000000.0|6868000000.0|7592000000.0|7317000000.0|1869000000|1475000000.0|1887000000.0|2576000000.0|2224000000.0|4772000000|4824000000.0|4867000000.0|4900000000.0|4975000000.0|312170000.00|278530000.0|307450000.0|375610000.0|224480000.0|1427000000|988780000.0|1353000000.0|1942000000.0|1614000000.0|952720000.00|854000000.0|1225000000.0|1445000000.0|680450000.0|-1064000000|-686930000.0|-1015000000.0|-1524000000.0|-1363000000.0|0.95|0.96|0.97|0.98|0.99|75420000.00|413630000.0|-284520000.0|-443170000.0|435970000.0|57580000.00|382610000.0|-317280000.0|-460970000.0|413870000.0|-17840000.00|-31020000.0|-32759999.999999996|-17800000.0|-22090000.0|60940000.00|46800000.0|51460000.0|52080000.0|46820000.0|-757440000.00|-901830000.0|-1127000000.0|-1809000000.0|-1046000000.0|-50390000.00|-33650000.0|28930000.0|68150000.0|-151120000.0|-237440000.00|-439620000.0|355960000.0|588330000.0|-379580000.0|111640000.00|-7650000.0|-42510000.0|-77010000.0|-207500000.0|4.34|21.02|-24.1|-24.04|20.15|0.38|1.04|0.66|0.71|2.55|0.26|0.77|0.23|0.68|1.51|0.33|0.95|0.37|0.73|2.25|0.29|0.2|0.27|0.39|0.32|0.22|0.14|0.2|0.3|0.27
STEC|18.2|9.25|1.07|10.69|11.68|9.26|11.16|8.05|5.8|6.34|0.55|8.0|4.51|42.41|69|61|16|146||||||||||||||||||1555|-6296|-2510|2128|-1281|2|UP||30432000000.0|29668000000.0|30108000000.0|33569000000.0||28792000000.0|28299000000.0|30123000000.0|31009000000.0||1640000000.0|1369000000.0|-14890000.0|2560000000.0||5.39|4.61|-0.05|7.63||860870000.0|534700000.00000006|-1873000000.0|2042000000.0||2.83|1.8|-6.22|6.08||860870000.0|534700000.00000006|-1873000000.0|2042000000.0||1621000000.0|1148000000.0|-1265000000.0|2499000000.0||5.33|3.87|-4.2|7.45||1054000000.0|637210000.0|-2456000000.0|2229000000.0||17.77|15.95||12.65||857410000.0|525580000.00000006|-2357000000.0|1948000000.0||2.82|1.77|-7.83|5.8||0.56|0.35|-1.55|1.3||20.61|-38.7||||-19880000.0|-43120000.0|-158210000.0|-267779999.99999997||760430000.0|613300000.0|608660000.0|457510000.0||50790000000.0|47449000000.0|51516000000.0|56249000000.0||30900000000.0|29377000000.0|33673000000.0|39198000000.0||19592000000.0|17631000000.0|17411000000.0|16634000000.0||6993000000.0|4242000000.0|2570000000.0|3949000000.0||699950000.0|5346000000.0|7865000000.0|9384000000.0||||437630000.0|424720000.0||7597000000.0|-36500000.0|-4440000000.0|-5168000000.0||12.85|11.56|11.46|10.95||1908000000.0|-5847000000.0|-1445000000.0|3149000000.0||1555000000.0|-6296000000.0|-2510000000.0|2128000000.0||-352990000.0|-448650000.0|-1065000000.0|-1020000000.0||1038000000.0|805130000.0|755460000.0|742980000.0||-33220000.0|-7103000000.0|-1501000000.0|661120000.0||2935000000.0|-2751000000.0|-1672000000.0|1379000000.0||-1104000000.0|4075000000.0|2024000000.0|879940000.0||2132000000.0|-978300000.0|-2251000000.0|-2650000000.0||5.11|-21.22|-8.34|6.34|||||||||||||||||||||||||
SO|2.2|9.57|1.95|10.46|20.68|6.26|20.68|8.13|8.01|15.84|1.02|5.0|8.3|79.4|72|57|17|146||16.18|17.80|14.15|20.35|17.12|13.3||8.11|9.65|6.95|8.17|8.22|11.7|UP|flat||244|331|289|451|329|4|UP|2096000000|2262000000.0|2360000000.0|2573000000.0|2845000000.0|1694000000|1856000000.0|1935000000.0|2150000000.0|2390000000.0|402030000.00|405610000.0|424460000.0|422750000.0|455370000.0|19.18|17.94|17.99|16.43|16.0|193730000.00|153530000.0|205120000.0|181550000.0|227940000.0|9.24|6.79|8.69|7.06|8.01|193730000.00|153530000.0|205120000.0|181550000.0|227940000.0|220000000|188880000.0|233580000.0|220340000.0|266839999.99999997|10.50|8.35|9.9|8.56|9.38|210780000.00|211600000.0|230210000.0|192980000.0|286450000.0|20.17|20.24|20.29|20.51|20.45|168260000.00|168770000.0|183500000.0|153400000.0|227870000.0|8.03|7.46|7.78|5.96|8.01|350000.00|0.35|0.39|0.32|0.48|20.57|0.3|8.73|-16.4|48.55|0|0.0|0.0|-1530000.0|-960000.0|26270000.00|35360000.0|28470000.0|38790000.0|38890000.0||1918000000.0|2074000000.0|2351000000.0|2523000000.0||874890000.0|1044000000.0|1267000000.0|1404000000.0||1043110000.0|1030000000.0|1084000000.0|1119000000.0||211430000.0|169920000.0|42600000.0|42090000.0||678150000.0|832780000.0|1035000000.0|1142000000.0|||||||-465850000.0|-662270000.0|-991470000.0|-1099000000.0||2.19|2.16|2.28|2.35||259980000.00000003|350440000.0|328850000.0|489110000.0||244470000.0|330660000.0|288840000.0|450740000.0||-15520000.0|-19780000.0|-40010000.0|-38370000.0||145780000.0|176540000.0|219040000.0|295370000.0||-28400000.0|-9480000.0|-57910000.0|-24400000.0||63530000.0|-41500000.0|-127320000.0|-520000.0||-336990000.0|-463780000.0|-487010000.0|-636570000.0||140540000.0|71840000.0|30840000.0|146940000.0||10.81|14.01|11.23|15.84||16.92|17.7|14.51|20.68||5.55|6.42|5.13|5.85||9.38|10.21|7.66|8.45||0.65|0.81|0.95|1.02||0.45|0.64|0.92|0.98
SCGD|8.1|8.71|0.42|11.48|29.22|4.02|4.62|5.17|4.11|10.46|0.64|6.0|7.72|44.27|86|39|19|144||-2.24|1.54|3.91|4.79|2.00|136.1||3.88|2.04|3.93|4.27|3.53|24.7|UP|UP|1000|525|1774|1100|2372|1354|5|UP|31023000000|35228000000.0|28312000000.0|25563000000.0|22676000000.0|23140000000|27019000000.0|21633000000.0|19040000000.0|16454000000.0|7883000000|8209000000.0|6679000000.0|6524000000.0|6222000000.0|25.41|23.3|23.59|25.52|27.44|1630000000|1606000000.0|1244000000.0|1557000000.0|1640000000.0|5.25|4.56|4.4|6.09|7.23|1630000000|1606000000.0|1244000000.0|1557000000.0|1640000000.0|3237000000|3064000000.0|2514000000.0|3130000000.0|3259000000.0|10.43|8.7|8.88|12.25|14.37|1081000000|-82370000.0|927880000.0|1068000000.0|1260000000.0|45.80||48.88|23.36|26.36|321260000.00|-421020000.0|327750000.0|809880000.0|931790000.0|1.04|-1.2|1.16|3.17|4.11|410000.00|-0.53|0.28|0.49|0.56||||147.11|15.05|-125830000.00|-160380000.0|-547730000.0|-492740000.0|-384060000.0|1607000000|1459000000.0|1270000000.0|1574000000.0|1618000000.0|46938000000|40550000000.0|41651000000.0|39823000000.0|36588000000.0|10026000000|21726000000.0|20339000000.0|19117000000.0|17131000000.0|32699000000|15854000000.0|19697000000.0|19130000000.0|17993000000.0|3419000000|1817000000.0|5203000000.0|4204000000.0|3656000000.0|3587000000|16142000000.0|15005000000.0|13870000000.0|12473000000.0|||||2997000000.0|5752000000|-8778000000.0|-4725000000.0|-4695000000.0|-3524000000.0|41.32|20.05|11.94|11.59|10.91|2025000000|2103000000.0|3494000000.0|3110000000.0|3369000000.0|1000000000|524549999.99999994|1774000000.0|1100000000.0|2372000000.0|-1025000000|-1578000000.0|-1720000000.0|-2010000000.0|-996450000.0|1901000000|1740000000.0|1515000000.0|1574000000.0|1618000000.0|-1162000000|-1227000000.0|881680000.0|603370000.0|675270000.0|405950000.00|-1602000000.0|3387000000.0|-999540000.0|-548080000.0|-998380000.00|11783000000.0|802120000.0|-2330000000.0|-2300000000.0|-737530000.00|-15507000000.0|-864930000.0|-1730000000.0|-1535000000.0|3.23|1.49|6.27|4.3|10.46||-1.23|2.36|3.9|4.62||2.29|1.89|2.39|2.68|2.84|5.46|2.37|4.64|4.99|0.10|0.86|0.7|0.67|0.64|-0.16|0.47|0.22|0.23|0.18
KCG|5.3|10.56|1.66|9.47|17.36|7.08|16.4|12.32|5.8|10.64|0.33|6.0|5.23|44.4|59|68|16|143||20.36|11.35|13.80|15.74|15.31|21.6||6.60|8.34|9.90|12.71|9.39|23.9|flat|UP||-449|-71|350|922|188|2|UP||6191000000.0|7192000000.0|7768000000.0|8672000000.0||4391000000.0|5010000000.0|5351000000.0|5978000000.0||1800000000.0|2182000000.0|2417000000.0|2694000000.0||29.07|30.34|31.12|31.07||325320000.0|453570000.0|563190000.0|665930000.0||5.25|6.31|7.25|7.68||325320000.0|453570000.0|563190000.0|665930000.0||429620000.0|562460000.0|718440000.0|826630000.0||6.94|7.82|9.25|9.53||314670000.0|386240000.0|511230000.0|628790000.0||23.39|20.8|20.62|19.96||241060000.0|305900000.0|405830000.0|503270000.0||3.89|4.25|5.22|5.8||0.62|0.67|0.74|0.92||-20.54|26.9|32.67|24.01||-52540000.0|-79940000.0|-53060000.0|-43410000.0||104310000.0|108890000.0|155250000.0|160700000.0||5540000000.0|5872000000.0|5994000000.0|6316000000.0||4356000000.0|3178000000.0|3052000000.0|3119000000.0||1184000000.0|2694000000.0|2941000000.0|3197000000.0||374500000.0|334490000.0|64010000.00000001|67810000.0||2969000000.0|1947000000.0|1639000000.0|1065000000.0||202690000.0|5380000.0||||-2595000000.0|-1612000000.0|-1575000000.0|-997080000.0||3.03|4.94|5.4|5.87||-325920000.0|332970000.0|760010000.0|1114000000.0||-449170000.0|-71160000.0|349940000.0|922470000.0||-123250000.0|-404130000.0|-410070000.0|-191340000.0||174740000.0|171660000.0|212720000.0|225060000.0||-765920000.0|-254000000.0|15470000.0|321800000.0||25450000.0|-40020000.0|-270480000.0|3800000.0||475850000.0|30920000.0|-588740000.0|-908250000.0||-124470000.0|-403910000.0|-441740000.0|-201760000.0||-7.26|-0.99|4.5|10.64||18.03|15.78|14.4|16.4||4.01|4.97|5.93|6.76||7.49|8.89|10.13|12.24||2.51|0.72|0.56|0.33||2.19|0.6|0.54|0.31
KDH|1.6|10.54|1.77|9.49|8.42|3.88|17.83|73.87|13.25|11.76|0.01|5.0|3.26|31.83|56|74|13|143||13.21|14.98|17.53|16.82|15.63|10.8||17.66|18.48|20.34|18.86|18.84|5.2|flat|flat||162|88|143|135|132|4|DOWN||1078000000.0|1191000000.0|1033000000.0|1149000000.0||677160000.0|723090000.0|650650000.0|723900000.0||401240000.0|467420000.0|382210000.0|425060000.0||37.21|39.26|37.0|37.0||102580000.0|128280000.0|167650000.0|183270000.0||9.51|10.78|16.23|15.95||102580000.0|128280000.0|167650000.0|183270000.0||143850000.0|165430000.0|203600000.0|224890000.0||13.34|13.89|19.71|19.57||102870000.0|132020000.00000001|174940000.0|190650000.0||21.22|20.02|19.61|20.14||81040000.0|105590000.0|140640000.0|152250000.0||7.51|8.87|13.62|13.25||4.18|5.45|7.26|7.85||114.75|30.28|33.2|8.26||-1000000.0|-830000.0|-620000.0|-440000.0||41270000.0|37150000.0|35950000.0|41630000.0||803030000.0|877320000.0|1016000000.0|1114000000.0||189340000.0|172580000.0|213180000.0|209340000.0||613690000.0|704740000.0|802820000.0|904660000.0||168200000.0|160360000.0|149880000.0|134640000.0||12050000.0|10900000.0|10240000.0|5750000.0|||||||476150000.0|539460000.0|629640000.0|715900000.0||31.66|36.36|41.39|46.69||178670000.0|111200000.0|178390000.0|213890000.0||162280000.0|88140000.0|142820000.0|135090000.0||-16390000.0|-23060000.0|-35570000.0|-78810000.0||44580000.0|40520000.0|39400000.0|45630000.0||35520000.0|-38300000.0|-8390000.0|11110000.0||-10150000.0|-7840000.0|-10470000.0|-15240000.0||-4520000.0|-18260000.0|-42190000.0|-53390000.0||-184290000.0|-100780000.0|-146670000.0|-175740000.0||15.05|7.4|13.83|11.76||14.46|16.02|18.66|17.83||8.81|9.54|11.07|10.76||43.75|67.76|79.74|80.87||0.02|0.02|0.01|0.01||-0.78|-0.76|-0.78|-0.79
AIT|7.5|12.84|1.87|7.75|17.46|5.86|13.97|28.55|8.52|19.2|0.08|5.0|7.38|145.39|62|65|15|142|17.22|14.49|12.43|13.36|14.46|14.39|11.2|20.77|23.67|21.26|21.78|31.07|23.71|16.1|flat|UP|1687|132|760|336|1309|845|5|DOWN|7035000000|6618000000.0|6520000000.0|7198000000.0|6818000000.0|5677000000|5274000000.0|5210000000.0|5719000000.0|5394000000.0|1357000000|1344000000.0|1311000000.0|1479000000.0|1424000000.0|19.29|20.32|20.1|20.55|20.89|765480000.00|743010000.0|629310000.0|716630000.0|717280000.0|10.88|11.23|9.65|9.96|10.52|765480000.00|743010000.0|629310000.0|716630000.0|717280000.0|865720000.00|874530000.0|786380000.0|882630000.0|901770000.0|12.31|13.21|12.06|12.26|13.23|665320000.00|684750000.0|666690000.0|747190000.0|742470000.0|20.77|20.9|24.45|23.47|21.9|527120000.00|541640000.0|503670000.0|572460000.0|581110000.0|7.49|8.18|7.72|7.95|8.52|510000.00|0.39|0.34|0.37|0.38|33.70|2.76|-7.01|13.66|1.51|-11550000.00|-2790000.0|-1630000.0|-1310000.0|-2600000.0|100250000.00|131520000.00000001|157070000.0|166000000.0|184490000.0|5752000000|6341000000.0|6581000000.0|6803000000.0|6540000000.0|2691000000|2603000000.0|2528000000.0|2519000000.0|2520000000.0|3061000000|3738000000.0|4053000000.0|4283000000.0|4019000000.0|378500000.0|1487000000.0|1952000000.0|1901000000.0|2525000000.0|236990000.00|232340000.0|135430000.0|135010000.0|308180000.0||||||861510000.00|1254000000.0|1817000000.0|1766000000.0|2216000000.0|2.97|2.81|2.77|2.79|2.62|1883000000|379470000.0|957400000.0|524220000.0|1413000000.0|1687000000|131800000.00000001|760230000.0|335710000.0|1309000000.0|-195320000.00|-247670000.0|-197180000.0|-188520000.0|-103960000.0|100250000.00|131520000.00000001|157070000.0|166000000.0|184490000.0|1175000000|-378540000.0|295840000.0|-255880000.0|592970000.0|174030000.00|1108000000.0|465560000.0|-51050000.0|623470000.0|-766770000.00|127020000.0|-290000000.0|-373370000.0|-676180000.0|-941880000.00|601610000.0|-201840000.0|-201900000.0|-113170000.0|23.99|1.99|11.66|4.66|19.2|17.61|15.93|12.93|13.72|13.97|7.85|7.68|6.09|6.69|6.72|22.01|25.1|20.14|23.07|25.93|0.08|0.06|0.03|0.03|0.08|-0.28|-0.34|-0.45|-0.41|-0.55
HUMAN|3.9|11.56|1.18|8.79|9.62|6.3|9.81|11.94|22.23|24.33|0.04|5.0|6.81|73.82|58|67|17|142|11.81|4.74|8.56|9.33|10.36|8.96|26.5|13.95|5.78|10.35|11.27|12.05|10.68|25.5|UP|UP|222|228|434|475|378|348|5|UP|763100000.0|1073000000.0|1337000000.0|1464000000.0|1555000000.0|398260000.00|532480000.0|613060000.0|692640000.0|752420000.0|364840000.00|541010000.0|723610000.0|771280000.0|802240000.0|47.81|50.4|54.13|52.69|51.6|196540000.00|207510000.0|379200000.0|428180000.0|438800000.0|25.76|19.33|28.37|29.25|28.23|196540000.00|207510000.0|379200000.0|428180000.0|438800000.0|227720000.00|263760000.0|440210000.0|487720000.0|497160000.0|29.84|24.57|32.93|33.32|31.98|185960000.00|190770000.0|358510000.0|418520000.0|427980000.0|11.09|14.04|14.2|17.43|19.57|169820000.00|164890000.0|308190000.0|343970000.0|345530000.0|22.25|15.36|23.06|23.5|22.23|250000.00|0.13|0.36|0.4|0.41|2.45|-2.91|86.91|11.61|0.45|-9340000.00|-12730000.0|-13010000.0|-9890000.0|-8000000.0|31170000.00|56260000.0|61020000.0|59530000.0|58360000.0|1770000000|3983000000.0|4099000000.0|4215000000.0|3921000000.0|332390000.00|500340000.0|499650000.0|529650000.0|586220000.0|1432000000|3475000000.0|3578000000.0|3680000000.0|3331000000.0|334590000.00|586170000.0|613030000.0|678490000.0|533490000.0|149660000.00|192020000.0|156920000.0|128419999.99999999|126490000.0||||||740980000.00|808740000.0|883410000.0|989990000.0|507370000.0|2.11|4.01|4.12|4.24|3.98|242880000.00|240720000.0|453510000.0|496370000.0|402540000.0|221680000.00|228170000.0|434490000.0|475450000.0|378260000.0|-21200000.0|-12540000.0|-19010000.0|-20920000.0|-24280000.0|58210000.00|92540000.0|103150000.0|101470000.0|101930000.0|8690000.00|-101020000.0|2020000.0|31990000.0|-47540000.0|87790000.00|251580000.0|26860000.0|65470000.0|-145010000.0|-126420000.00|-170380000.0|-225880000.0|-289220000.0|-549410000.0|-36550000.00|188450000.0|-198670000.0|-164610000.0|8420000.0|29.05|21.25|32.51|32.48|24.33|12.23|6.67|8.69|9.49|9.81|7.31|4.51|5.87|6.44|6.74|16.39|8.36|10.64|11.56|11.84|0.10|0.06|0.04|0.04|0.04|-0.51|-0.23|-0.24|-0.27|-0.15
SELIC|1.6|10.62|0.95|9.41|21.83|6.72|12.53|11.31|7.14|16.57|0.48|6.0|1.38|15.78|70|63|9|142|12.20|3.28|5.93|7.52|8.94|7.57|39.3|8.77|3.28|7.54|10.04|11.26|8.18|33.6|UP|UP|83|-440|39|159|341|36|4|UP|1461000000|1625000000.0|1904000000.0|2139000000.0|2061000000.0|1103000000|1263000000.0|1382000000.0|1493000000.0|1368000000.0|358300000.0|361840000.0|521840000.00000006|645930000.0|693190000.0|24.53|22.27|27.41|30.2|33.63|120500000.0|82050000.0|200860000.0|277620000.0|298330000.0|8.25|5.05|10.55|12.98|14.47|120500000.0|82050000.0|200860000.0|277620000.0|298330000.0|154250000.00|118840000.0|248590000.0|326610000.0|342560000.0|10.56|7.31|13.05|15.27|16.62|104310000.00|52030000.0|156670000.0|242240000.0|263480000.00000003|21.84|22.51|20.74|20.48|20.51|81530000.00|40560000.0|80150000.0|127610000.0|147130000.0|5.58|2.5|4.21|5.97|7.14|160000.00|0.07|0.13|0.21|0.24|-8.71|-50.25|97.61|59.22|15.29|-21290000.00|-24020000.0|-45110000.0|-43630000.0|-33340000.000000004|33750000.00|36790000.0|47720000.0|48990000.0|44230000.0|1757000000|2781000000.0|3045000000.0|3264000000.0|3206000000.0|1089000000|1545000000.0|1693000000.0|1566000000.0|1562000000.0|668080000.00|959780000.0|1032000000.0|1174000000.0|1158000000.0|101200000.0|182730000.0|128699999.99999999|297250000.0|325890000.0|506700000.0|883990000.0|887260000.0|798240000.0|786020000.0|278290000.00|586690000.0|478050000.0|392130000.0|353130000.0|-405500000.0|-701260000.0|-758560000.0|-500990000.0|-448870000.0|1.29|1.57|1.69|1.92|1.9|105500000.0|128500000.0|172890000.0|234150000.0|382220000.0|82770000.00|-440120000.0|38820000.0|159220000.0|341430000.0|-22740000.00|-568620000.0|-134070000.0|-74930000.0|-40800000.0|52700000.0|57160000.0|76400000.0|79420000.0|73500000.0|-48150000.00|-4090000.0|-98990000.0|-90830000.0|50910000.0|-48500000.0|81540000.0|-54040000.0|168550000.0|28640000.0|-58890000.00|564430000.0|-86570000.0|9610000.0|-302360000.0|-100200000.0|-615470000.0|-137870000.0|-74230000.0|-48910000.0|5.67|-27.09|2.04|7.44|16.56|13.71|4.24|9.6|12.63|12.53|4.46|2.26|4.31|5.5|5.76|9.25|4.22|7.87|10.25|11.05|0.76|0.72|0.66|0.47|0.48|0.61|0.57|0.56|0.3|0.27
ASEFA|2.1|9.88|1.06|10.24|18.83|7.12|11.58|9.28|6.63|12.18|0.48|5.0|3.37|33.66|73|55|13|141||6.52|10.66|3.75|10.87|7.95|37.5||5.82|8.04|3.49|9.51|6.71|33.9|UP|UP||-89|-102|318|403|132|2|UP||3091000000.0|3433000000.0|3149000000.0|3306000000.0||2559000000.0|2796000000.0|2488000000.0|2484000000.0||531789999.99999994|637010000.0|661560000.0|822020000.0||17.21|18.55|21.01|24.86||133300000.00000001|216660000.0|98030000.0|300290000.0||4.31|6.31|3.11|9.08||133300000.00000001|216660000.0|98030000.0|300290000.0||174450000.0|260079999.99999997|139340000.0|367140000.0||5.64|7.58|4.42|11.1||129370000.0|207120000.0|88550000.0|285700000.0||18.83|18.8|16.15|21.05||103330000.0|168400000.0|70400000.0|219220000.0||3.34|4.91|2.23|6.63||0.19|0.31|0.13|0.42||-25.31|62.97|-58.2|211.41||-3170000.0|-14300000.0|-21020000.0|-25550000.0||41150000.0|43420000.0|41310000.0|66849999.99999999||2921000000.0|3331000000.0|3444000000.0|4443000000.0||1337000000.0|1753000000.0|1566000000.0|2427000000.0||1611000000.0|1609000000.0|1906000000.0|1983000000.0||160300000.0|247300000.0|272130000.0|485300000.0||434750000.0|855490000.0|750810000.0|963020000.0||||51900000.0|129289999.99999999||-274450000.0|-608190000.0|-478680000.0|-477710000.0||2.95|3.04|3.6|3.84||-52530000.0|82560000.0|581400000.0|595310000.0||-88750000.0|-102270000.0|317920000.0|402850000.0||-36220000.0|-184830000.0|-263470000.00000003|-192470000.0||41150000.0|43420000.0|43960000.0|73000000.0||-263430000.0|-143090000.0|320130000.0|261160000.00000003||86370000.0|86990000.0|24830000.0|213180000.0||152600000.0|257050000.0|-206490000.0|-98010000.0||-13690000.0|-252620000.0|-350080000.0|-284120000.0||-2.87|-2.98|10.1|12.18||6.57|10.64|4.29|11.58||3.09|4.33|1.81|4.76||6.09|8.7|3.62|9.77||0.28|0.54|0.4|0.48||0.17|0.39|0.26|0.24
SSF|1.4|10.4|0.53|9.62|27.79|4.06|9.74|8.49|2.47|7.13|0.23|7.0|6.92|64.81|73|51|17|141||3.52|5.49|5.44|5.12|4.89|16.5||4.16|9.77|10.10|8.55|8.14|29.1|flat|flat||-17|504|630|401|380|3|UP||5848000000.0|5249000000.0|5590000000.0|5632000000.0||5236000000.0|4547000000.0|4854000000.0|4967000000.0||612660000.0|701870000.0|735980000.0|664180000.0||10.47|13.37|13.16|11.79||145340000.0|310640000.0|335200000.0|269780000.0||2.48|5.92|6.0|4.79||145340000.0|310640000.0|335200000.0|269780000.0||443600000.0|622140000.0|595490000.0|513690000.00000006||7.58|11.85|10.65|9.12||187270000.0|335120000.0|367420000.0|309460000.0||10.97|9.45|17.93|17.17||83470000.0|130419999.99999999|138760000.0|138900000.0||1.43|2.48|2.48|2.47||0.31|0.48|0.51|0.51||-59.33|56.25|6.4|0.1||-17750000.0|-31490000.0|-26840000.0|-18110000.0||298260000.0|311500000.0|260290000.00000003|243910000.0||4226000000.0|4156000000.0|3929000000.0|4130000000.0||1858000000.0|1782000000.0|1378000000.0|1415000000.0||1870000000.0|1870000000.0|1949000000.0|1911000000.0||325640000.0|458100000.0|387300000.0|714460000.0||1066000000.0|962280000.0|561270000.0|613450000.0||213440000.0|203470000.0|158700000.0|100320000.0||-739900000.0|-504190000.0|-173970000.0|101010000.0||6.92|6.93|7.22|7.08||296550000.0|644090000.0|731350000.0|529210000.00000006||-16940000.0|504340000.0|630210000.0|401440000.0||-313490000.0|-139750000.0|-101150000.0|-127770000.0||326150000.0|325900000.0|275720000.0|259040000.00000003||-221710000.0|-33610000.0|94310000.0|-28740000.0||-78630000.0|132460000.00000001|-70790000.0|327150000.0||-67240000.0|-374380000.0|-704680000.0|-77790000.0||-307950000.0|-137260000.0|-97470000.0|-124270000.0||-0.29|9.61|11.27|7.13||6.73|12.8|12.25|9.74||2.16|4.63|5.18|4.18||4.3|9.4|9.82|8.37||0.45|0.41|0.22|0.23||0.31|0.21|0.07|-0.04
PDG|0.9|10.78|1.43|9.28|11.37|3.99|13.36|32.08|13.05|16.0|None|6.0|9.27|92.6|64|62|15|141|9.39|6.96|4.86|11.38|13.29|9.18|32.8|18.76|12.73|9.56|24.39|31.25|19.34|40.5|UP|UP|128|16|61|79|102|77|5|DOWN|685250000.00|759070000.0|634410000.0|633500000.0|637690000.0|554140000.00|641260000.0|533299999.99999994|480830000.0|461430000.0|131110000.00|117810000.0|101110000.0|152670000.0|176270000.0|19.13|15.52|15.94|24.1|27.64|68970000.00|50770000.0|33890000.0|85840000.0|103390000.0|10.07|6.69|5.34|13.55|16.21|68970000.00|50770000.0|33890000.0|85840000.0|103390000.0|121840000.00|96740000.0|68370000.0|118800000.0|133740000.00000001|17.78|12.74|10.78|18.75|20.97|69060000.00|50900000.0|35950000.0|88140000.0|105030000.0|20.01|20.18|19.61|19.92|20.74|55240000.00|40630000.0|28900000.0|70580000.0|83240000.0|8.06|5.35|4.55|11.14|13.05|190000.00|0.14|0.1|0.24|0.28|-43.78|-26.46|-28.87|144.25|17.94|-310000.00|-350000.0|-330000.0|-330000.0|-310000.0|52860000.00|45960000.0|34480000.0|32960000.0|30340000.0|764480000.00|719770000.0|701270000.0|744310000.0|744360000.0|176000000|136020000.0|106450000.0|124160000.0|118190000.0|588480000.00|583750000.0|594820000.0|620150000.0|626170000.0|294360000.00|265470000.00000003|309780000.0|338290000.0|363940000.0|||||||||||294360000.00|265470000.00000003|309780000.0|338290000.0|363940000.0|1.98|1.97|2.0|2.09|2.11|145940000.00|22340000.0|76580000.0|109550000.0|123360000.0|128310000.00|16340000.0|60950000.0|78800000.0|102000000.0|-17630000.00|-6010000.0|-15630000.0|-30760000.0|-21360000.0|52860000.00|45960000.0|34480000.0|32960000.0|30340000.0|37800000.0|-67130000.0|9030000.0|-4690000.0|730000.0|42840000.00|-28890000.0|44310000.0|28510000.0|25650000.0|-85490000.00|-45290000.0|-17790000.0|-50340000.0|-77080000.0|-17600000.0|-5940000.0|-14490000.0|-30700000.0|-20630000.0|18.72|2.15|9.61|12.44|16.0|9.17|6.93|4.9|11.62|13.36|5.80|4.28|2.98|7.42|8.68|16.74|13.24|9.03|24.25|30.12||||||-0.50|-0.45|-0.52|-0.55|-0.58
SAV|7.0|12.76|5.05|7.84|9.45|7.93|37.61|104.96|26.31|31.69|0.0|5.0|8.26|105.41|45|80|15|140||58.84|21.28|30.45|39.64|37.55|37.0||16.54|41.88|61.00|77.79|49.30|46.2|flat|UP|-96|237|391|522|658|342|4|UP|459040000.00|1220000000.0|1648000000.0|1759000000.0|2075000000.0|317630000.00|687830000.0|865510000.0|842660000.0|1068000000.0|141410000.00|532240000.0|782310000.0|916210000.0|1007000000.0|30.81|43.62|47.48|52.09|48.53|-66110000.00|299850000.0|421960000.0|589880000.0|694570000.0|-14.40|24.58|25.61|33.54|33.48|-66110000.00|299850000.0|421960000.0|589880000.0|694570000.0|2260000.00|367030000.0|480950000.0|657310000.0|767370000.0|0.49|30.08|29.19|37.37|36.98|-94700000.0|253150000.0|361820000.0|593010000.0|700490000.0||21.17|24.95|21.7|22.08|-74350000.00|199550000.0|271550000.0|464320000.0|545830000.0|-16.20|16.36|16.48|26.4|26.31|-130000.00|0.35|0.46|0.73|0.85|||36.08|70.99|17.55|-31400000.0|-55710000.0|-69370000.0|-7120000.0|-5840000.0|68370000.00|67180000.0|59000000.0|67440000.0|72800000.0|1597000000|2249000000.0|1881000000.0|2178000000.0|2297000000.0|1454000000|1910000000.0|605510000.0|652610000.0|919730000.0|142840000.00|339140000.0|1276000000.0|1525000000.0|1377000000.0|128740000.00|338760000.0|520490000.0|768450000.0|681790000.0|1190000000|1429000000.0|670000.0|600000.0|520000.0|1114000000|740150000.0||||-1027000000|-1090000000.0|519830000.00000006|842630000.0|870760000.0|0.25|0.59|1.99|2.38|2.16|-93690000.00|291320000.0|404030000.0|528600000.0|659810000.0|-96120000.00|236690000.0|391340000.0|521530000.0|657560000.0|-2430000.00|-54630000.0|-12690000.0|-7070000.0|-2250000.0|68470000.00|67280000.0|59100000.0|67540000.0|72890000.0|-62390000.00|-9110000.0|38950000.0|-34250000.0|32110000.0|-79600000.0|210030000.0|181730000.0|247960000.0|-86670000.0|-500000.0|207190000.0|-740750000.0|-184910000.0|-592280000.0|-26210000.00|-289920000.0|534030000.0|-77630000.0|-104140000.0|-20.94|19.4|23.75|29.65|31.69||82.8|33.63|33.15|37.61||9.75|12.77|18.16|19.4|-5.98|18.19|28.98|64.2|91.03|8.33|4.21|0.0|0.0|0.0|7.19|3.22|-0.41|-0.55|-0.63
BBL|314.0|6.83|0.55|14.65|28.28|None|8.19|None|32.32|62.37|None|4.0|5.17|35.26|79|43|17|139||5.94|8.10|8.39|8.19|7.65|13.0||||||||flat|||16830|136671|45719|88789|72002|4|UP||106248000000.0|133821000000.0|140973000000.0|142351000000.0||||||||||||||||||||||||||||||||||||||||||37229000000.0|52046000000.0|56567000000.0|55988000000.0||20.1|19.2|19.35|17.19||29306000000.0|41636000000.0|45211000000.0|46007000000.0|||||||15.35|21.81|23.69|24.1||10.56|42.07|8.59|1.76||||||||||||4421752000000.0|4514484000000.0|4551379000000.0|4606342000000.0||3914610000000.0|3983654000000.0|3994506000000.0|4030659000000.0||505346000000.0|528975000000.0|555039000000.0|573923000000.0||52433000000.0|45518000000.0|47364000000.0|47560000000.0||259283000000.0|275967000000.0|278487000000.0|309876000000.0||169759000000.0|190661000000.0|187210000000.0|243340000000.0||-116870000000.0|-145367000000.0|-128185000000.0|-150305000000.0||264.74|277.12|290.77|300.67||18298000000.0|138686000000.0|48722000000.0|90709000000.0||16830000000.0|136671000000.0|45719000000.0|88789000000.0||-1468000000.0|-2015000000.0|-3003000000.0|-1921000000.0||4924000000.0|4330000000.0|4626000000.0|4682000000.0|||||||-10119000000.0|-6915000000.0|1846000000.0|196760000.0||40225000000.0|-10425000000.0|-25008000000.0|53927000000.0||-68649000000.0|-135137000000.0|-21827000000.0|-144427000000.0||15.84|102.13|32.43|62.37||5.94|8.1|8.39|8.19||0.68|0.94|1.01|1.01|||||||0.51|0.52|0.5|0.54||0.23|0.27|0.23|0.26
CPF|164.0|6.43|0.65|14.7|33.68|7.3|10.51|5.08|4.39|9.62|2.05|5.0|4.98|85.74|84|41|12|137||4.66|-1.83|6.67|10.00|4.88|88.5||2.76|0.94|3.91|5.06|3.17|48.0|UP|UP||6288|13911|49571|55237|31252|4|UP||618115000000.0|589617000000.0|583570000000.0|574103000000.0||532324000000.0|529138000000.0|495704000000.0|474469000000.0||85791000000.0|60479000000.0|87866000000.0|99634000000.0||13.88|10.26|15.06|17.36||30790000000.0|9098000000.0|37432000000.0|49048000000.0||4.98|1.54|6.41|8.54||30790000000.0|9098000000.0|37432000000.0|49048000000.0||57394000000.0|35842000000.0|64732000000.0|74472000000.0||9.29|6.08|11.09|12.97||20427000000.0|-1931000000.0|27972000000.0|37279000000.0||29.39||20.28|23.16||13970000000.0|-5207000000.0|19558000000.0|25197000000.0||2.17|-0.99|3.17|4.2||1.69|-0.75|2.39|3.12||7.22|||28.83||-20358000000.0|-25506000000.0|-24575000000.0|-24089000000.0||26604000000.0|26744000000.0|27301000000.0|25424000000.0||926987000000.0|887218000000.0|876724000000.0|861796000000.0||627144000000.0|602185000000.0|583500000000.0|609937000000.0||256053000000.0|239416000000.0|246041000000.0|232752000000.0||32950000000.0|26136000000.0|24944000000.0|23371000000.0||520553000000.0|515112000000.0|494897000000.0|516785000000.0||301499000000.0|286740000000.0|260642000000.0|264920000000.0||-484338000000.0|-488024000000.0|-464395000000.0|-488820000000.0||30.39|25.78|26.41|25.18||33544000000.0|35360000000.0|65140000000.0|71565000000.0||6288000000.0|13911000000.0|49571000000.0|55237000000.0||-27256000000.0|-21449000000.0|-15569000000.0|-16329000000.0||31910000000.0|32873000000.0|33681000000.0|31884000000.0||-23655000000.0|-3401000000.0|-1513000000.0|-3844000000.0||-5759000000.0|-5123000000.0|-371510000.0|-1070000000.0||-12858000000.0|-19282000000.0|-50289000000.0|-61834000000.0||-25723000000.0|-19616000000.0|-14493000000.0|-9550000000.0||1.02|2.36|8.49|9.62||4.9|-0.86|7.71|10.51||2.17|0.63|2.65|3.53||2.9|1.17|3.9|5.03||1.74|1.81|1.69|2.05||1.62|1.71|1.58|1.94
TCAP|57.9|7.54|0.67|13.38|14.68|None|9.84|None|74.54|81.79|None|4.0|6.33|45.3|75|43|19|137|9.15|8.77|9.72|9.01|9.84|9.30|4.4||||||||flat||313|1807|-975|2102|8504|2350|4|UP|10701000000|10475000000.0|11312000000.0|9010000000.0|10397000000.0|||||||||||||||||||||||||||||||||||||||||7558000000|7200000000.0|7902000000.0|7444000000.0|8759000000.0|11.06|10.72|8.8|5.39|6.51|5287000000|5220000000.0|6603000000.0|6655000000.0|7750000000.0||||||5040000.00|4.98|6.3|6.35|7.39|-20.72|-1.27|26.5|0.79|16.45|||||||||||142735000000|157089000000.0|161646000000.0|160791000000.0|154674000000.0|68594000000|84558000000.0|85832000000.0|80309000000.0|68662000000.0|65114000000|66763000000.0|69914000000.0|74505000000.0|80514000000.0|4480000.00|4560000.0|6570000.0|1980000.0|2440000.0|50697000000|64493000000.0|65109000000.0|63880000000.0|52064000000.0|37583000000|39781000000.0|44049000000.0|36974000000.0|31237000000.0|-38758000000|-57039000000.0|-59077000000.0|-52008000000.0|-37994000000.0|62.10|63.67|66.67|71.05|76.78|531880000.00|1944000000.0|-884140000.0|2164000000.0|8550000000.0|312690000.00|1807000000.0|-974840000.0|2102000000.0|8504000000.0|-219200000.0|-137120000.0|-90700000.0|-61830000.0|-46160000.0|184110000.00|184780000.0|172080000.0|174600000.0|131090000.0||||||2010000.00|80000.0|2009999.9999999998|-4590000.0|460000.0|-5158000000|8320000000.0|256959999.99999997|-5393000000.0|-12332000000.0|4628000000|-10264000000.0|629190000.0|3224000000.0|3782000000.0|2.92|17.25|-8.62|23.33|81.79|9.15|8.77|9.72|9.01|9.84|4.74|4.29|4.52|4.37|5.19||||||0.68|0.89|0.86|0.79|0.61|0.52|0.79|0.78|0.65|0.44
CK|28.9|8.69|1.01|11.52|27.85|14.93|12.16|1.98|7.5|18.14|1.67|7.0|2.91|17.68|71|52|13|136||4.52|5.77|5.46|11.60|6.84|40.8||-0.42|1.08|1.10|2.04|0.95|92.7|UP|UP||-3419|-9225|5105|8050|128|2|UP||18367000000.0|36805000000.0|37806000000.0|44365000000.0||16711000000.0|33917000000.0|34742000000.0|40624000000.0||1657000000.0|2889000000.0|3064000000.0|3742000000.0||9.02|7.85|8.1|8.43||-270240000.0|837760000.0|834700000.0|1407000000.0||-1.47|2.28|2.21|3.17||-270240000.0|837760000.0|834700000.0|1407000000.0||303050000.0|1527000000.0|1639000000.0|2324000000.0||1.65|4.15|4.34|5.24||1142000000.0|1678000000.0|1654000000.0|3464000000.0||1.81|4.96|7.18|3.15||1105000000.0|1501000000.0|1446000000.0|3328000000.0||6.01|4.08|3.82|7.5||0.67|0.89|0.85|1.98||21.96|35.88|-3.67|130.18||-1411000000.0|-1830000000.0|-2020000000.0|-2100000000.0||573290000.0|688780000.0|804570000.0|917070000.0||85151000000.0|96745000000.0|113102000000.0|117075000000.0||60684000000.0|70737000000.0|86623000000.0|88384000000.0||24026000000.0|25482000000.0|25910000000.0|28148000000.0||6960000000.0|7784000000.0|10188000000.0|9770000000.0||46190000000.0|55606000000.0|54458000000.0|47782000000.0||37945000000.0|40724000000.0|38009000000.0|35329000000.0||-39129000000.0|-47822000000.0|-44270000000.0|-38012000000.0||14.49|15.04|15.36|16.75||-3032000000.0|-8334000000.0|5547000000.0|8437000000.0||-3419000000.0|-9225000000.0|5105000000.0|8050000000.0||-386610000.0|-891160000.0|-442410000.0|-386950000.0||637940000.0|1117000000.0|853820000.0|949860000.0||-2197000000.0|-8424000000.0|6268000000.0|8302000000.0||187340000.0|824280000.0|2404000000.0|-418590000.0||2118000000.0|9597000000.0|-1861000000.0|-7445000000.0||1107000000.0|-332310000.0|-1275000000.0|-1379000000.0||-18.61|-25.06|13.5|18.14||4.43|6.32|5.85|12.16||-0.2|0.58|0.5|0.76||-0.42|1.16|1.07|1.98||1.89|2.14|2.06|1.67||1.6|1.84|1.67|1.33
NETBAY|3.6|13.56|7.14|7.38|8.23|8.97|50.2|203.71|36.47|40.71|0.04|5.0|8.89|118.94|41|80|15|136|34.35|33.88|34.74|38.99|52.66|38.92|18.3|39.09|37.62|38.24|46.28|79.68|48.18|33.3|UP|UP|204|136|196|152|296|197|5|UP|400460000.00|457190000.0|487380000.0|581460000.0|728150000.0|78100000.0|97010000.0|102060000.0|118290000.0|196370000.0|322360000.00|360180000.0|385320000.0|463180000.0|531780000.0|80.50|78.78|79.06|79.66|73.03|186570000.00|211950000.0|220920000.0|271750000.0|333620000.0|46.59|46.36|45.33|46.73|45.82|186570000.00|211950000.0|220920000.0|271750000.0|333620000.0|196050000.00|222310000.0|232790000.0|285130000.0|350150000.0|48.96|48.63|47.76|49.04|48.09|189940000.00|214500000.0|224980000.0|271750000.0|332240000.0|12.83|20.87|19.86|20.54|20.07|165570000.00|169740000.0|180300000.0|215920000.0|265560000.0|41.34|37.13|36.99|37.13|36.47|830000.00|0.85|0.9|1.08|1.33|5.83|2.52|6.22|19.76|22.99|-130000.00|-350000.0|-540000.0|-1510000.0|-1750000.0|9480000.00|10360000.0|11870000.0|13380000.0|16520000.0|639580000.00|684030000.0|725400000.0|770410000.0|721250000.0|157610000.00|183070000.0|206460000.0|216590000.0|217000000.0|481970000.00|500960000.0|518940000.0|553820000.0|504250000.0|66460000.00|61810000.0|82150000.0|107590000.0|191500000.0|580000.00|6620000.0|26240000.0|20340000.0|21900000.0||||||411880000.00|350610000.0|347170000.0|435590000.0|385130000.0|2.41|2.5|2.59|2.77|2.52|204530000.00|149980000.0|196930000.0|221300000.0|297610000.0|204310000.00|136280000.0|196420000.0|152300000.0|296460000.0|-220000.00|-13710000.0|-510000.0|-69000000.0|-1150000.0|14740000.00|13830000.0|15820000.0|21300000.0|24960000.0|8260000.00|-38380000.0|9540000.0|-21670000.0|2160000.0|14060000.00|-4650000.0|20340000.0|25440000.0|83920000.0|-159890000.00|-162110000.0|-167220000.0|-189330000.0|-325400000.0|-30580000.00|7480000.0|-9370000.0|-6540000.0|111710000.0|51.02|29.81|40.3|26.19|40.71|34.97|34.54|35.36|40.26|50.2|18.67|20.02|19.59|22.71|27.96|162.36|152.17|109.92|148.91|224.7|0.00|0.01|0.05|0.04|0.04|-0.85|-0.7|-0.67|-0.79|-0.76
GC|1.9|9.73|2.88|10.28|16.99|9.8|30.09|14.09|3.76|6.22|1.25|6.0|9.49|87.82|63|57|15|135||28.40|30.72|29.86|29.61|29.65|2.8||11.36|14.07|13.49|14.43|13.34|8.9|flat|flat||34|265|57|323|170|4|UP||5532000000.0|5111000000.0|5922000000.0|5193000000.0||5169000000.0|4699000000.0|5489000000.0|4760000000.0||363370000.0|412790000.0|433120000.0|432340000.0||6.57|8.08|7.31|8.33||216060000.0|254150000.0|265240000.0|262100000.00000003||3.91|4.97|4.48|5.05||216060000.0|254150000.0|265240000.0|262100000.00000003||227430000.0|264380000.0|275700000.0|273750000.0||4.11|5.17|4.66|5.27||203990000.0|232900000.0|237680000.0|244150000.0||19.91|20.01|19.77|19.97||163370000.0|186290000.0|190700000.0|195400000.0||2.95|3.65|3.22|3.76||0.37|0.42|0.43|0.44||-13.62|14.03|2.37|2.47||-12070000.0|-21250000.0|-27570000.0|-17950000.0||11370000.0|10230000.0|10460000.0|11650000.0||1836000000.0|1842000000.0|2015000000.0|1795000000.0||1261000000.0|1235000000.0|1376000000.0|1135000000.0||575000000.0|607000000.0|639000000.0|660000000.0||36410000.0|77960000.0|90500000.0|29340000.0||983840000.0|916640000.0|1029000000.0|823460000.0|||||||-947430000.0|-838680000.0|-938500000.0|-794110000.0||1.31|1.38|1.45|1.5||36030000.0|266000000.0|77440000.0|327890000.0||33970000.0|264870000.0|57360000.0|323040000.0||-2069999.9999999998|-1130000.0|-20070000.0|-4850000.0||12650000.0|11930000.0|12200000.0|12990000.0||-142130000.0|62990000.0|-126120000.0|112080000.0||2190000.0|41550000.0|12540000.0|-61150000.0||-32220000.0|-223440000.0|-46080000.0|-377150000.0||-1630000.0|-1020000.0|-18820000.0|-11890000.0||0.61|5.18|0.97|6.22||29.04|31.53|30.63|30.09||7.41|8.64|8.6|8.6||11.88|13.7|14.08|13.84||1.71|1.51|1.61|1.25||1.65|1.38|1.47|1.2
PLANB|19.1|16.63|1.51|5.8|18.31|4.82|11.83|10.0|11.53|36.37|0.28|6.0|5.09|67.71|52|67|14|133|0.87|8.36|10.18|10.54|8.78|7.75|45.6|-1.88|6.63|9.08|9.40|10.41|6.73|66.6|UP|UP|770|2256|2365|2434|3487|2262|5|UP|4499000000|6683000000.0|8446000000.0|9220000000.0|9587000000.0|3800000000|4785000000.0|5861000000.0|6393000000.0|6458000000.0|699090000.00|1898000000.0|2585000000.0|2827000000.0|3129000000.0|15.54|28.4|30.61|30.66|32.63|135810000.00|1071000000.0|1448000000.0|1614000000.0|1891000000.0|3.02|16.02|17.15|17.5|19.73|135810000.00|1071000000.0|1448000000.0|1614000000.0|1891000000.0|828230000.00|2024000000.0|2457000000.0|2638000000.0|2983000000.0|18.41|30.29|29.1|28.62|31.12|7780000.00|904920000.0|1194000000.0|1412000000.0|1697000000.0|233.79|23.14|20.66|21.75|21.38|64040000.00|685870000.0|911250000.0|1050000000.0|1105000000.0|1.42|10.26|10.79|11.39|11.53|20000.00|0.16|0.21|0.24|0.25|-54.33|971.03|32.86|15.27|5.23|-188550000.00|-175920000.0|-234330000.0|-227100000.0|-229560000.0|692420000.00|953550000.0|1009000000.0|1025000000.0|1092000000.0|13764000000|15462000000.0|16245000000.0|16678000000.0|19471000000.0|6404000000|7255000000.0|7295000000.0|6716000000.0|6879000000.0|7053000000|7905000000.0|8672000000.0|9723000000.0|11706000000.0|1986000000|544000000.0|1096000000.0|753650000.0|1792000000.0|4312000000|4749000000.0|4801000000.0|4232000000.0|3486000000.0|590000.00|||||-2253000000|-4205000000.0|-3706000000.0|-3479000000.0|-1694000000.0|1.68|1.85|2.02|2.27|2.54|1563000000|2856000000.0|3020000000.0|3316000000.0|4525000000.0|769890000.00|2256000000.0|2365000000.0|2434000000.0|3487000000.0|-793290000.00|-599310000.0|-655230000.0|-881310000.0|-1038000000.0|2341000000|2429000000.0|2390000000.0|2534000000.0|2579000000.0|-320200000.0|-299160000.0|-423640000.0|-367120000.0|610190000.0|1348000000|-1442000000.0|551770000.0|-342110000.0|1039000000.0|1374000000|-377760000.0|-1780000000.0|-2816000000.0|-1304000000.0|-1586000000|-3897000000.0|-681400000.0|-836350000.0|-2178000000.0|17.11|33.76|28.0|26.4|36.37|-0.16|8.94|11.04|11.68|11.83|0.65|4.58|5.71|6.13|6.54|-1.87|7.47|9.17|9.68|10.72|0.59|0.58|0.54|0.43|0.28|0.31|0.51|0.41|0.35|0.14
KWC|1.7|17.27|1.98|5.79|8.66|8.55|11.62|17.52|25.36|37.94|0.01|6.0|4.09|76.62|41|78|14|133||11.91|12.22|11.33|11.46|11.73|3.0||12.30|13.06|11.92|11.74|12.26|4.1|flat|flat||110|99|117|146|118|4|UP||315700000.0|343710000.0|362800000.0|384950000.0||132400000.0|152030000.0|173340000.0|188790000.0||183300000.0|191680000.0|189460000.0|196160000.0||58.06|55.77|52.22|50.96||113220000.0|122000000.0|117470000.0|122690000.0||35.86|35.5|32.38|31.87||113220000.0|122000000.0|117470000.0|122690000.0||147400000.0|156970000.0|151730000.0|156900000.0||46.69|45.67|41.82|40.76||113100000.0|122020000.0|117520000.0|122240000.0||19.71|20.04|20.07|20.14||90810000.0|97570000.0|93940000.0|97620000.0||28.77|28.39|25.89|25.36||15.14|16.26|15.66|16.27||-2.35|7.44|-3.72|3.92||-410000.0|-240000.0|-240000.0|-680000.0||34180000.0|34960000.0|34260000.0|34200000.0||890400000.0|902700000.0|950080000.0|992190000.0||127890000.0|104270000.0|120970000.0|140430000.0||762500000.0|798430000.0|829100000.0|851750000.0||30690000.0|56800000.0|46270000.0|29880000.0||7400000.0|5270000.0|4890000.0|12530000.0|||||||150930000.0|188810000.0|242470000.0|299860000.0||127.08|133.07|138.18|141.96||122760000.0|105410000.0|126270000.0|159690000.0||110140000.0|99310000.0|117200000.0|146040000.0||-12620000.0|-6110000.0|-9070000.0|-13650000.0||37330000.0|38170000.0|38510000.0|39370000.0||-10120000.0|-36120000.0|-5130000.0|19810000.0||-14680000.0|26110000.0|-10530000.0|-16390000.0||-83450000.0|-63500000.0|-66440000.0|-79820000.0||-53990000.0|-15800000.0|-70350000.0|-96250000.0||34.89|28.89|32.3|37.94||12.19|12.5|11.54|11.62||8.09|8.51|7.92|7.9||14.67|15.98|15.7|17.21||0.01|0.01|0.01|0.02||-0.2|-0.24|-0.29|-0.35
FTE|1.4|10.95|1.56|9.13|14.92|7.51|14.16|15.36|8.85|14.46|0.1|4.0|8.42|107.31|55|63|15|133||9.98|13.90|13.31|14.24|12.86|13.2||9.29|14.47|13.28|15.18|13.05|17.4|UP|UP||16|257|62|201|134|4|UP||1089000000.0|1145000000.0|1341000000.0|1390000000.0||800600000.0|841690000.0|997960000.0|1047000000.0||288500000.0|303230000.0|342570000.0|342740000.0||26.49|26.48|25.55|24.66||107570000.0|152360000.0|151080000.0|159880000.0||9.88|13.31|11.27|11.5||107570000.0|152360000.0|151080000.0|159880000.0||115030000.0|159890000.0|158630000.0|167390000.0||10.56|13.96|11.83|12.04||101680000.0|147770000.0|146070000.0|154990000.0||20.67|20.35|20.43|20.65||80670000.0|117700000.0|116220000.0|122990000.0||7.41|10.28|8.67|8.85||0.12|0.18|0.18|0.19||83.24|45.9|-1.25|5.82||-5890000.0|-4600000.0|-5020000.0|-4890000.0||7460000.0|7530000.0|7550000.0|7510000.0||1184000000.0|1183000000.0|1219000000.0|1280000000.0||375170000.0|335970000.0|345980000.0|416380000.0||808430000.0|846600000.0|873030000.0|863670000.0||33180000.0|102620000.0|59120000.0|115090000.0||143510000.0|94970000.0|91230000.0|87290000.0|||||||-110330000.0|12300000.0|-27070000.0|46820000.0||1.22|1.28|1.32|1.31||18310000.0|261760000.0|69060000.0|204790000.0||15850000.0|257070000.0|62430000.0|200920000.0||-2460000.0|-4680000.0|-6630000.0|-3870000.0||10470000.0|12460000.0|13120000.0|13080000.0||-118230000.0|129610000.00000001|-100610000.0|54330000.0||15770000.0|69440000.0|-43500000.0|55970000.0||3150000.0|-185670000.0|-103720000.0|-144040000.0||-5680000.0|-6650000.0|-8840000.0|-4780000.0||1.46|22.45|4.66|14.46||10.35|14.22|13.52|14.16||5.92|8.05|7.86|8.0||9.69|13.85|13.86|14.78||0.18|0.11|0.1|0.1||0.14|-0.01|0.03|-0.05
ACG|0.4|11.17|0.57|8.95|37.16|4.23|5.21|5.42|2.77|11.49|0.39|6.0|5.56|42.43|73|44|16|133|4.19|2.33|2.49|3.35|5.11|3.49|30.0|4.08|2.38|2.60|3.74|5.67|3.69|32.0|UP|UP|86|23|36|142|156|89|5|UP|1728000000|1794000000.0|1821000000.0|1512000000.0|1358000000.0|1495000000|1535000000.0|1544000000.0|1237000000.0|1079000000.0|232530000.00|259380000.0|276180000.0|274940000.0|278930000.0|13.46|14.46|15.17|18.18|20.54|56370000.00|48720000.0|56060000.0|60480000.0|68960000.0|3.26|2.72|3.08|4.0|5.08|56370000.00|48720000.0|56060000.0|60480000.0|68960000.0|90940000.00|89040000.0|99320000.0|104380000.0|111700000.0|5.26|4.96|5.46|6.9|8.22|39120000.00|31000000.0|35420000.0|40730000.0|54000000.0|27.85|49.86|51.0|40.84|30.03|27960000.00|15810000.0|17300000.0|23920000.0|37610000.0|1.62|0.88|0.95|1.58|2.77|50000.00|0.03|0.03|0.04|0.06|-19.72|-43.47|9.47|38.24|57.24|-17250000.00|-17730000.0|-20640000.0|-19750000.0|-14960000.0|34570000.00|40320000.0|43260000.0|43900000.0|42740000.0|1298000000|1286000000.0|1369000000.0|1252000000.0|1164000000.0|631120000.00|606770000.0|674030000.0|537390000.0|427930000.0|665180000.00|677180000.0|693490000.0|712710000.0|734460000.0|169630000.00|146120000.0|173140000.0|165870000.0|173740000.0|499110000.00|494360000.0|533510000.0|408240000.0|288130000.0|43550000.00|27350000.0|11150000.0|||-329480000.00|-348240000.0|-360370000.0|-242360000.0|-114390000.0|1.11|1.13|1.16|1.19|1.22|157110000.00|80530000.0|80940000.0|159790000.0|159140000.0|85840000.00|22670000.0|36380000.0|141580000.0|156070000.0|-71270000.00|-57850000.0|-44560000.0|-18200000.0|-3060000.0|40640000.00|51330000.0|56700000.0|58860000.0|57750000.0|74930000.00|-5760000.0|-17890000.0|62470000.0|49390000.0|7090000.00|-23510000.0|27020000.0|-7270000.0|7870000.0|-91730000.00|-67780000.0|-11510000.0|-152510000.0|-150830000.0|-58290000.00|-36250000.0|-42410000.0|-14550000.0|-430000.0|4.97|1.26|2.0|9.36|11.49|4.24|2.31|2.53|3.42|5.21|2.69|2.36|2.64|2.88|3.57|4.04|2.41|2.64|3.56|5.34|0.75|0.73|0.77|0.57|0.39|0.49|0.51|0.52|0.34|0.16
LST|3.8|7.27|0.63|13.76|1.63|4.62|10.1|9.11|4.07|0.48|0.23|5.0|4.27|37.27|70|45|17|132||8.61|9.55|9.03|8.67|8.96|4.2||8.90|9.72|9.52|9.18|9.33|3.4|flat|flat||174|686|100|63|256|4|DOWN||11657000000.0|10895000000.0|11717000000.0|12958000000.0||10232000000.0|9386000000.0|10115000000.0|11285000000.0||1425000000.0|1509000000.0|1603000000.0|1673000000.0||12.22|13.86|13.68|12.91||625950000.0|657020000.0|723520000.0|737010000.0||5.37|6.03|6.17|5.69||625950000.0|657020000.0|723520000.0|737010000.0||866640000.0|916950000.0|990890000.0|1014000000.0||7.43|8.42|8.46|7.82||660020000.0|701780000.0|712470000.0|726270000.0||19.06|17.85|20.18|17.93||432420000.0|514270000.0|516630000.0|527940000.00000006||3.71|4.72|4.41|4.07||0.53|0.63|0.63|0.64||-22.59|18.93|0.46|2.19||-14970000.0|-20470000.0|-24990000.0|-29280000.0||240690000.0|259920000.00000003|267370000.0|276750000.0||6964000000.0|7062000000.0|7817000000.0|8628000000.0||1945000000.0|1677000000.0|2097000000.0|2542000000.0||4542000000.0|4891000000.0|5203000000.0|5534000000.0||347590000.0|427360000.0|589520000.0|864010000.0||1019000000.0|591590000.0|934080000.0|1370000000.0||26670000.0|5000000.0|4170000.0|98290000.0||-671230000.0|-164220000.0|-344570000.0|-506240000.0||5.54|5.96|6.34|6.75||475710000.0|982470000.0|618180000.0|643130000.0||173710000.0|686350000.0|100070000.0|62670000.0||-302000000.0|-296120000.0|-518110000.0|-580450000.0||244920000.0|270650000.0|290770000.0|307110000.0||-197350000.0|166020000.0|-246740000.0|-239300000.0||169390000.0|79780000.0|164510000.0|274490000.0||-6180000.0|-644440000.0|-14330000.0|217410000.0||-300130000.0|-258250000.0|-439340000.0|-586050000.0||1.49|6.3|0.85|0.48||10.96|11.08|10.24|10.1||5.85|5.85|6.08|5.6||9.21|9.6|9.95|9.56||0.2|0.11|0.16|0.23||0.13|0.03|0.06|0.08
MOSHI|11.6|17.23|4.23|5.8|8.08|9.18|26.53|23.73|18.29|25.47|0.63|7.0|3.49|39.39|35|82|13|130||15.72|20.43|22.42|24.54|20.78|15.7||16.27|13.71|14.93|16.42|15.33|7.2|UP|flat||512|646|539|933|658|4|UP||1890000000.0|2530000000.0|3111000000.0|3664000000.0||899420000.0|1180000000.0|1447000000.0|1622000000.0||990950000.0|1350000000.0|1664000000.0|2043000000.0||52.42|53.37|53.49|55.75||337390000.0|535220000.0|689290000.0|879620000.0||17.85|21.16|22.16|24.01||337390000.0|535220000.0|689290000.0|879620000.0||431130000.0|617050000.0|766760000.0|968480000.0||22.81|24.39|24.64|26.43||321900000.0|509830000.0|654690000.0|837360000.0||21.35|19.93|20.47|19.96||253170000.0|408230000.0|520679999.99999994|670220000.0||13.39|16.14|16.73|18.29||0.95|1.24|1.58|2.03||92.86|61.25|27.54|28.72||-26650000.0|-53380000.0|-75420000.0|-84840000.0||93740000.0|81840000.0|77470000.0|88860000.0||2801000000.0|3659000000.0|4376000000.0|5051000000.0||1191000000.0|1661000000.0|2054000000.0|2321000000.0||1610000000.0|1998000000.0|2322000000.0|2730000000.0||755730000.0|95090000.0|177190000.0|151630000.0||776590000.0|1224000000.0|1526000000.0|1708000000.0|||||||29480000.0|-39230000.0|-371300000.0|-247570000.0||4.88|6.05|7.03|8.27||554520000.0|718580000.0|688000000.0|1142000000.0||512450000.00000006|646220000.0|538810000.0|933270000.0||-42070000.0|-72360000.0|-149190000.0|-208520000.0||285080000.0|304360000.0|351230000.0|404860000.0||-8140000.000000001|-50220000.0|-262529999.99999997|-19870000.0||517830000.00000006|-660640000.0|82090000.0|-25560000.0||61790000.0|-266019999.99999997|-509390000.0|-628720000.0||-98480000.0|-1113000000.0|-96520000.0|-538620000.0||27.11|25.55|17.32|25.47||19.75|22.63|24.11|26.53||8.8|10.36|10.72|11.66||17.23|23.69|23.18|24.83||0.48|0.61|0.66|0.63||-0.02|0.02|0.16|0.09
TM|0.2|8.85|0.54|11.31|180.11|6.96|5.08|4.01|3.9|62.07|0.72|8.0|None|None|83|47|0|130||2.66|-0.97|-5.15|6.13|0.67|628.2||1.75|0.71|0.43|4.04|1.73|82.0|UP|UP||-110|-72|454|438|177|2|UP||645040000.0|697010000.0|725720000.0|706090000.0||414330000.0|465500000.0|494390000.0|454870000.0||230710000.0|231510000.0|231330000.0|251220000.0||35.77|33.21|31.88|35.58||18560000.0|6880000.0|3870000.0|45730000.0||2.88|0.99|0.53|6.48||18560000.0|6880000.0|3870000.0|45730000.0||34410000.0|34200000.0|36290000.0|74890000.0||5.33|4.91|5.0|10.61||16970000.0|-3050000.0|-26300000.0|34190000.0||34.7|||35.45||12990000.0|-4490000.0|-21640000.0|27510000.0||2.01|-0.64|-2.98|3.9||0.04|-0.01|-0.07|0.09||-57.41|||||-6270000.0|-15580000.0|-19970000.0|-13320000.0||15850000.0|27320000.0|32420000.0|29170000.0||929760000.0|983340000.0|908180000.0|869920000.0||441000000.0|521900000.0|488040000.0|421420000.0||431580000.0|411700000.0|379900000.0|413700000.0||100070000.0|72390000.0|44220000.0|42260000.0||305770000.0|385270000.0|351120000.0|324090000.0||88420000.0|105600000.0|94260000.0|80240000.0||-205700000.0|-312880000.0|-306900000.0|-281820000.0||1.4|1.34|1.23|1.34||15530000.0|-17820000.0|464800000.0|443880000.0||-110370000.0|-71970000.0|454010000.0|438240000.0||-125890000.0|-54150000.0|-10790000.0|-5650000.0||20340000.0|34160000.0|38210000.0|34740000.0||-28380000.0|-62010000.0|407410000.0|367270000.0||-56020000.0|-27680000.0|-28170000.0|-1960000.0||55580000.0|42970000.0|-511430000.0|-441820000.0||-127130000.0|-52830000.0|18460000.0|-4019999.9999999995||-17.11|-10.32|62.56|62.07||2.23|-2.51|-7.06|5.08||1.31|0.45|0.26|3.21||1.92|0.94|0.52|4.05||0.63|0.84|0.84|0.72||0.42|0.68|0.73|0.63
SWC|2.2|13.88|2.78|7.21|9.27|6.42|21.33|48.62|9.27|11.92|0.12|5.0|8.93|100.67|44|70|15|129|20.48|2.40|8.44|15.39|20.01|13.34|52.3|28.96|4.07|12.15|35.78|46.04|25.40|60.4|UP|UP|250|-12|151|291|207|177|4|DOWN|1832000000|1696000000.0|1713000000.0|1690000000.0|1737000000.0|1080000000|1128000000.0|1100000000.0|994530000.0|922350000.0|752620000.00|568470000.0|613360000.0|695200000.0|815040000.0|41.07|33.51|35.8|41.14|46.91|213690000.00|56460000.0|104000000.0|180730000.0|229020000.0|11.66|3.33|6.07|10.7|13.18|213690000.00|56460000.0|104000000.0|180730000.0|229020000.0|241300000.0|86290000.0|137870000.0|214100000.0|263070000.0|13.17|5.09|8.05|12.67|15.14|212090000.00|55020000.0|100000000.0|180890000.0|228210000.0|28.53|57.03|38.83|30.03|26.16|146200000.0|17260000.0|55880000.0|119380000.0|161010000.0|7.98|1.02|3.26|7.07|9.27|310000.00|0.03|0.11|0.24|0.32|116.02|-88.2|223.81|113.64|34.88|-1910000.00|-1940000.0|-6600000.0|-2700000.0|-3200000.0|27610000.00|29830000.0|33860000.0|33369999.999999996|34050000.0|1217000000|1274000000.0|1145000000.0|1133000000.0|1358000000.0|503360000.00|554120000.0|483160000.0|357680000.0|553130000.0|693490000.00|692180000.0|638640000.0|752930000.0|785140000.0|258570000.00|311180000.0|326480000.0|447970000.0|532870000.0|72060000.00|187140000.0|187900000.0|25860000.0|95570000.0|830000.00|||||186510000.00|124040000.0|138580000.0|422100000.0|437310000.0|1.93|1.39|1.28|1.51|1.57|275420000.00|25530000.0|199400000.0|304540000.0|268500000.0|249810000.00|-12020000.0|151280000.0|290960000.0|207100000.0|-25610000.00|-37550000.0|-48120000.0|-13570000.0|-61390000.0|38110000.00|44260000.0|52740000.0|51060000.0|53940000.0|55080000.00|-29930000.0|97430000.0|99890000.0|26750000.0|37370000.00|52610000.0|15300000.0|121490000.0|84910000.0|-204940000.00|65590000.0|-140840000.0|-168680000.0|-122720000.0|-32000000|-36210000.0|-42440000.0|-9380000.0|-59670000.0|13.63|-0.71|8.83|17.22|11.92|21.98|3.3|8.85|17.61|21.33|11.37|2.83|5.37|9.91|11.49|27.06|4.32|11.37|28.84|46.92|0.10|0.26|0.28|0.03|0.12|-0.26|-0.17|-0.21|-0.54|-0.54
ARROW|1.4|9.96|1.05|10.04|1.86|6.84|10.73|9.61|11.5|2.13|0.14|5.0|7.62|75.15|59|53|17|129||7.62|8.26|8.95|10.56|8.85|12.4||5.45|6.66|8.86|9.62|7.65|21.8|UP|UP||28|316|230|25|150|4|flat||1345000000.0|1336000000.0|1290000000.0|1189000000.0||1114000000.0|1065000000.0|978630000.0|849170000.0||231390000.0|270980000.0|311120000.0|339910000.0||17.2|20.28|24.12|28.59||100520000.0|106730000.0|131669999.99999999|159050000.0||7.47|7.99|10.21|13.38||100520000.0|106730000.0|131669999.99999999|159050000.0||137790000.0|142550000.0|168580000.0|194350000.0||10.24|10.67|13.07|16.34||115440000.0|126430000.0|141570000.0|173300000.0||19.76|19.61|20.78|21.1||92630000.0|101640000.0|112150000.0|136730000.0||6.88|7.61|8.7|11.5||0.36|0.4|0.44|0.53||-28.05|9.73|10.34|21.92||-9340000.0|-9240000.0|-6420000.0|-7130000.0||37270000.0|35830000.0|36900000.0|35300000.0||1718000000.0|1531000000.0|1480000000.0|1643000000.0||502320000.0|299620000.0|226730000.0|348210000.0||1242000000.0|1257000000.0|1280000000.0|1321000000.0||59690000.0|82650000.0|157040000.0|177420000.0||324720000.0|140610000.0|81050000.0|186920000.0||29660000.0|||||-265029999.99999997|-57960000.0|75990000.0|-9500000.0||4.84|4.89|4.98|5.14||61610000.0|349980000.0|248140000.0|173800000.0||27570000.0|316220000.0|230300000.0|25300000.0||-34050000.0|-33760000.0|-17840000.0|-148500000.0||41160000.0|39460000.0|40050000.0|37460000.0||-82320000.0|177230000.0|58540000.0|-22010000.0||8860000.0|22960000.0|74390000.0|20380000.0||-17690000.0|-294610000.0|-156040000.0|4820000.0||-35060000.0|-32360000.0|-17500000.0|-158300000.0||2.05|23.66|17.86|2.13||7.55|8.31|9.03|10.73||3.79|4.11|5.47|6.37||5.6|6.19|8.46|10.11||0.27|0.11|0.07|0.14||0.22|0.05|-0.06|0.01
D|1.0|11.17|1.15|8.95|8.73|7.43|10.65|8.81|8.19|7.99|0.38|6.0|5.4|35.91|55|54|17|126|-5.37|10.70|12.18|6.49|10.29|6.86|93.3|-0.80|7.36|9.29|5.90|8.80|6.11|59.8|UP|UP|19|90|129|96|84|84|5|UP|528510000.00|814610000.0|927290000.0|954380000.0|1047000000.0|392020000.00|547830000.0|612960000.0|637930000.0|667020000.0|136490000.00|266769999.99999997|314330000.0|316450000.0|379980000.0|25.83|32.75|33.9|33.16|36.29|-9760000.00|83870000.0|108720000.0|81090000.0|123920000.0|-1.85|10.3|11.72|8.5|11.84|-9760000.00|83870000.0|108720000.0|81090000.0|123920000.0|9690000.00|106990000.0|133810000.0|104460000.0|148140000.0|1.83|13.13|14.43|10.95|14.15|-25580000.00|68620000.0|90420000.0|64310000.0|109840000.0||16.2|21.2|21.52|21.91|-24230000.00|57500000.0|71250000.0|50470000.0|85770000.0|-4.58|7.06|7.68|5.29|8.19|-70000.00|0.17|0.21|0.15|0.25|||23.91|-29.17|69.96|-15830000.00|-15250000.0|-18300000.0|-16780000.0|-14080000.0|19450000.00|23120000.0|25090000.0|23370000.0|24220000.0|1108000000|1132000000.0|1075000000.0|1327000000.0|1353000000.0|656880000.00|595230000.0|489790000.0|548710000.0|520100000.0|451400000.0|537250000.0|584920000.0|778170000.0|833140000.0|36800000.0|57960000.0|48970000.0|40580000.0|50700000.0|555630000.00|475850000.0|386660000.0|340620000.0|316710000.0|378680000.00|313670000.0|206060000.0|154820000.0|155270000.0|-518820000.00|-417890000.0|-337690000.0|-300040000.0|-266010000.0|1.38|1.57|1.71|2.27|2.43|34420000.00|103950000.0|148350000.0|103770000.0|161650000.0|19170000.00|90230000.0|129110000.00000001|95570000.0|83670000.0|-15250000.00|-13730000.0|-19240000.0|-8210000.000000001|-77980000.0|35810000.00|37620000.0|38580000.0|39130000.0|40880000.0|1770000.00|-14890000.0|11290000.0|-9040000.0|15470000.0|-7160000.00|21160000.0|-8990000.0|-8390000.0|10120000.0|-28990000.00|-69910000.0|-137520000.0|-104930000.0|-72980000.0|-12600000.0|-12890000.0|-19810000.0|-7230000.0|-78550000.0|3.63|11.08|13.92|10.01|7.99|-5.21|11.63|12.7|7.41|10.65|-0.55|4.68|6.16|4.22|5.78|-1.00|7.3|9.13|6.36|8.89|1.23|0.89|0.66|0.44|0.38|1.15|0.78|0.58|0.39|0.32
TNP|2.3|10.84|1.74|9.23|6.24|6.86|16.87|16.7|6.88|4.65|0.13|5.0|3.65|38.58|50|62|13|125||15.04|14.41|15.54|16.04|15.26|4.0||15.17|14.88|15.89|16.82|15.69|4.8|flat|flat||-4|112|73|144|81|3|UP||2433000000.0|2613000000.0|2873000000.0|3091000000.0||2016000000.0|2173000000.0|2368000000.0|2526000000.0||417430000.0|439960000.0|504410000.0|564960000.0||17.15|16.84|17.56|18.28||186450000.0|194860000.0|233250000.0|267209999.99999997||7.66|7.46|8.12|8.64||186450000.0|194860000.0|233250000.0|267209999.99999997||229980000.0|240520000.0|284040000.0|320010000.0||9.45|9.2|9.89|10.35||184180000.0|192680000.0|230320000.0|264040000.00000003||19.09|19.28|19.44|19.49||149010000.0|155530000.0|185540000.0|212570000.0||6.12|5.95|6.46|6.88||0.19|0.19|0.23|0.27||-22.43|4.37|19.3|14.57||-2270000.0|-2190000.0|-2930000.0|-3170000.0||43530000.0|45650000.0|50790000.0|52800000.0||1250000000.0|1407000000.0|1567000000.0|1808000000.0||258959999.99999997|327800000.0|372480000.0|483130000.0||991040000.00000003|1079200000.0|1194520000.0|1324870000.0||64970000.0|108430000.0|130009999.99999999|224350000.0||68950000.0|86700000.0|118240000.0|178330000.0|||||||-3980000.0|21740000.0|11770000.0|46020000.0||1.24|1.35|1.49|1.66||112270000.0|203460000.0|217890000.0|267070000.0||-3790000.0|111830000.0|72710000.0|143870000.0||-116060000.0|-91630000.0|-145190000.0|-123200000.0||50210000.0|52930000.0|58190000.0|62160000.0||-86300000.0|-2630000.0|-30750000.0|-12490000.0||-75760000.0|43460000.0|21580000.0|94340000.0||-71820000.0|-72040000.0|-46460000.0|-48160000.0||-116220000.0|-87960000.0|-149860000.0|-124570000.0||-0.16|4.28|2.53|4.65||15.68|15.03|16.32|16.88||9.56|9.17|9.8|9.9||16.43|15.33|16.78|17.48||0.07|0.08|0.1|0.14||0.0|-0.02|-0.01|-0.04
SORKON|1.3|9.21|0.93|10.61|4.76|7.16|8.82|5.45|3.81|1.71|1.01|5.0|6.35|58.35|65|35|19|119||7.95|4.17|9.52|9.82|7.87|28.6||5.75|3.48|5.17|5.37|4.94|17.6|UP|flat||10|45|54|61|42|4|UP||3216000000.0|3132000000.0|3378000000.0|3547000000.0||2434000000.0|2357000000.0|2503000000.0|2604000000.0||782440000.0|775160000.0|875350000.0|943390000.0||24.33|24.75|25.91|26.6||161780000.0|113910000.0|159220000.0|164680000.0||5.03|3.64|4.71|4.64||161780000.0|113910000.0|159220000.0|164680000.0||282310000.0|239190000.0|299390000.0|323250000.0||8.78|7.64|8.86|9.11||116790000.0|71290000.0|145810000.0|147390000.0||16.45|29.45|20.53|16.8||101480000.0|54670000.0|133449999.99999999|135240000.0||3.16|1.75|3.95|3.81||0.31|0.17|0.41|0.43||-28.74|-46.13|144.12|1.34||-30470000.0|-39600000.0|-40390000.0|-36780000.0||120530000.0|125270000.0|140170000.0|158560000.0||3099000000.0|2978000000.0|3262000000.0|3383000000.0||1823000000.0|1668000000.0|1859000000.0|2006000000.0||1278000000.0|1300000000.0|1359000000.0|1358000000.0||186780000.0|161530000.0|209340000.0|221120000.0||1262000000.0|1158000000.0|1255000000.0|1394000000.0||453570000.0|266610000.0|313280000.0|316320000.0||-1075000000.0|-996620000.0|-1045000000.0|-1173000000.0||3.95|4.02|4.2|4.2||148280000.0|232100000.0|299370000.0|272130000.0||9780000.0|44980000.0|54100000.0|60610000.0||-138500000.0|-187120000.0|-245270000.0|-211530000.0||135330000.0|140060000.0|155630000.0|179760000.0||-133380000.0|26330000.0|-18630000.0|-70950000.0||83410000.0|-25260000.0|47810000.0|11780000.0||71710000.0|-159250000.0|1580000.0|-63340000.0||-136480000.0|-97560000.0|-250810000.0|-195030000.0||0.3|1.44|1.6|1.71||7.81|3.89|8.54|8.82||3.44|2.34|3.19|3.1||5.92|3.45|5.32|5.48||0.99|0.88|0.9|1.01||0.84|0.76|0.75|0.85
ADVANC|0|22.86|10.2|4.38|8.84|10.68|46.81|19.02|21.16|42.78|1.79|8.0|4.63|78.44|23|82|14|119|32.90|30.31|32.08|36.04|44.64|35.19|14.4|14.91|14.47|10.28|14.23|19.35|14.65|19.7|UP|UP|60848|49086|50553|91360|96788|69727|5|UP|181333000000|185485000000.0|188873000000.0|213569000000.0|226264000000.0|121453000000|126172000000.0|125387000000.0|135394000000.0|136467000000.0|59880000000|59313000000.0|63486000000.0|78175000000.0|89797000000.0|33.02|31.98|33.61|36.6|39.69|38034000000|36763000000.0|40508000000.0|50384000000.0|63736000000.0|20.97|19.82|21.45|23.59|28.17|38034000000|36763000000.0|40508000000.0|50384000000.0|63736000000.0|76841000000|74208000000.0|76916000000.0|90110000000.0|101451000000.0|42.38|40.01|40.72|42.19|44.84|32894000000|32182000000.0|35998000000.0|43069000000.0|57543000000.0|18.15|19.17|19.19|18.56|16.77|26922000000|26011000000.0|29086000000.0|35075000000.0|47886000000.0|14.85|14.02|15.4|16.42|21.16|9050000.00|8.75|9.78|11.79|16.1|-1.87|-3.38|11.82|20.59|36.52|-5541000000|-5149000000.0|-6006000000.0|-9072000000.0|-7883000000.0|38807000000|37445000000.0|36408000000.0|39726000000.0|37715000000.0|356222000000|337044000000.0|454439000000.0|431432000000.0|420273000000.0|274397000000|251227000000.0|363761000000.0|334108000000.0|312993000000.0|81699000000|85689000000.0|90577000000.0|97222000000.0|107176000000.0|12739000000|9014000000.0|14744000000.0|22607000000.0|25354000000.0|139685000000|128589000000.0|242422000000.0|213677000000.0|192278000000.0|74419000000|64077000000.0|69879000000.0|87766000000.0|78050000000.0|-126946000000|-119574000000.0|-227678000000.0|-191070000000.0|-166309000000.0|27.47|28.81|30.46|32.69|36.03|86634000000|81405000000.0|87641000000.0|116622000000.0|120810000000.0|60848000000|49086000000.0|50553000000.0|91360000000.0|96788000000.0|-25786000000|-32319000000.0|-37088000000.0|-25262000000.0|-24021000000.0|51581000000|50476000000.0|49789000000.0|57448000000.0|53459000000.0|-2704000000|-6717000000.0|-2576000000.0|8524000000.0|6161000000.0|-5681000000|-3726000000.0|5730000000.0|7863000000.0|2747000000.0|-46963000000|-42139000000.0|-3926000000.0|-71829000000.0|-70828000000.0|-45352000000|-42996000000.0|-77986000000.0|-36932000000.0|-47235000000.0|33.56|26.46|26.77|42.78|42.78|34.19|31.04|32.96|37.32|46.81|6.73|6.63|6.4|7.11|9.35|14.70|14.35|12.5|13.53|18.88|1.71|1.5|2.67|2.2|1.79|1.55|1.39|2.51|1.96|1.55
SJWD|13.5|11.62|0.56|8.68|13.99|8.33|5.28|3.5|4.64|7.48|0.65|6.0|5.26|58.41|66|36|16|118|14.37|14.69|3.26|4.68|4.90|8.38|60.3|4.53|4.83|3.03|2.44|3.51|3.67|24.5|DOWN|flat|287|141|2162|1235|1888|1143|5|UP|5153000000|5960000000.0|23916000000.0|24656000000.0|25262000000.0|3881000000|4538000000.0|20559000000.0|21202000000.0|21683000000.0|1272000000|1422000000.0|3356000000.0|3453000000.0|3579000000.0|24.68|23.86|14.04|14.01|14.17|486360000.00|528280000.0|1207000000.0|979220000.0|1490000000.0|9.44|8.86|5.05|3.97|5.9|486360000.00|528280000.0|1207000000.0|979220000.0|1490000000.0|893250000.00|996640000.0|1898000000.0|1675000000.0|2248000000.0|17.34|16.72|7.94|6.79|8.9|601230000.00|566890000.0|977490000.0|1282000000.0|1416000000.0|7.42|8.59|15.39|6.62|10.75|571680000.00|504320000.0|761320000.0|1119000000.0|1172000000.0|11.09|8.46|3.18|4.54|4.64|560000.00|0.49|0.44|0.62|0.65|97.15|-11.78|50.96|46.99|4.74|-218370000.00|-290700000.0|-470800000.0|-660240000.0|-669520000.0|406900000.0|468370000.0|691080000.0|695630000.0|758460000.0|12605000000|13041000000.0|39240000000.0|44036000000.0|43669000000.0|8626000000|9607000000.0|15913000000.0|20124000000.0|19755000000.0|3738000000|3117000000.0|22330000000.0|22875000000.0|22836000000.0|1422000000|924000000.0|1492000000.0|2414000000.0|1634000000.0|7376000000|7479000000.0|11905000000.0|15984000000.0|15557000000.0|4012000000|3759000000.0|7586000000.0|10407000000.0|7393000000.0|-5955000000|-6555000000.0|-10413000000.0|-13570000000.0|-13908000000.0|3.66|3.06|12.33|12.63|12.85|1074000000|1064000000.0|2811000000.0|2530000000.0|2541000000.0|287200000.0|141230000.0|2162000000.0|1235000000.0|1888000000.0|-786920000.00|-922540000.0|-648770000.0|-1295000000.0|-652650000.0|693450000.00|783180000.0|1455000000.0|1398000000.0|1422000000.0|-156890000.00|-201510000.0|-228160000.0|-13590000.0|-453300000.0|606620000.00|-497580000.0|567740000.0|921860000.0|-779960000.0|1383000000|-396760000.0|-865000000.0|2365000000.0|-2762000000.0|-1866000000|-1227000000.0|-1339000000.0|-3985000000.0|-575600000.0|5.57|2.37|9.04|5.01|7.47|15.40|13.98|6.18|5.07|5.29|2.75|2.57|2.89|1.47|2.12|5.08|4.85|4.67|2.57|3.53|1.85|2.18|0.51|0.67|0.65|1.50|1.91|0.45|0.57|0.58
MINT|126.5|17.47|1.3|5.77|19.97|7.45|10.03|5.31|5.47|15.34|1.91|6.0|2.67|59.83|53|52|12|117|-16.56|5.19|6.19|7.82|9.29|2.39|401.3|-3.29|4.07|4.27|7.60|5.27|3.58|102.1|UP|UP|13760|25552|30153|31687|25277|25286|5|UP|70796000000|124185000000.0|152717000000.0|164873000000.0|164824000000.0|47417000000|69854000000.0|82728000000.0|90703000000.0|90585000000.0|23379000000|54330000000.0|69989000000.0|74170000000.0|74239000000.0|33.02|43.75|45.83|44.99|45.04|-11547000000|16732000000.0|18194000000.0|26305000000.0|19251000000.0|-16.31|13.47|11.91|15.96|11.68|-11547000000|16732000000.0|18194000000.0|26305000000.0|19251000000.0|-3221000000|24600000000.0|25914000000.0|34409000000.0|27287000000.0|-4.55|19.81|16.97|20.87|16.55|-17813000000|6931000000.0|9596000000.0|11238000000.0|13155000000.0||34.74|36.56|23.46|25.2|-13167000000|4286000000.0|5407000000.0|7750000000.0|9009000000.0|-20.78|2.28|2.35|3.64|4.43|-2830000.00|0.53|0.65|1.06|1.29|||26.15|43.34|16.25|-8986000000|-9003000000.0|-11257000000.0|-11755000000.0|-9728000000.0|8327000000|7868000000.0|7720000000.0|8104000000.0|8036000000.0|369633000000|358210000000.0|359196000000.0|346845000000.0|357330000000.0|290140000000|275601000000.0|271901000000.0|247708000000.0|260344000000.0|68023000000|71059000000.0|76637000000.0|87834000000.0|89270000000.0|25097000000|22966000000.0|14260000000.0|13319000000.0|9596000000.0|226078000000|208797000000.0|197475000000.0|179195000000.0|185655000000.0|114483000000|98272000000.0|87012000000.0|80025000000.0|84983000000.0|-200930000000|-185787000000.0|-183215000000.0|-165876000000.0|-176059000000.0|7.12|7.99|8.15|10.02|10.29|18144000000|30139000000.0|38017000000.0|40791000000.0|33160000000.0|13760000000|25552000000.0|30153000000.0|31687000000.0|25277000000.0|-4383000000|-4587000000.0|-7864000000.0|-9104000000.0|-7884000000.0|19223000000|18697000000.0|19865000000.0|20911000000.0|20983000000.0|3758000000|2173000000.0|994400000.0|3743000000.0|-3543000000.0|-1070000000|-2130000000.0|-8706000000.0|-1048000000.0|-3634000000.0|-25445000000|-31882000000.0|-38918000000.0|-32367000000.0|-32879000000.0|5826000000|-111830000.0|-8264000000.0|-8644000000.0|-4198000000.0|19.44|20.58|19.74|19.22|15.34|-18.20|5.58|7.17|9.23|10.03|-1.97|2.87|3.17|4.66|3.42|-4.11|3.98|4.28|7.52|5.35|2.84|2.53|2.26|1.81|1.91|2.53|2.25|2.1|1.67|1.82
COM7|52.6|13.02|4.79|7.73|9.13|9.48|41.22|24.17|4.65|5.49|1.1|6.0|4.95|49.84|41|60|16|117||41.89|34.89|37.59|37.05|37.86|6.7||26.69|19.54|19.85|21.30|21.85|13.2|flat|flat||1150|49|1702|4798|1925|4|UP||63026000000.0|69626000000.0|79187000000.0|87466000000.0||54298000000.0|60354000000.0|68555000000.0|75439000000.0||8728000000.0|9272000000.0|10632000000.0|12027000000.0||13.85|13.32|13.43|13.75||4025000000.0|3714000000.0|4284000000.0|5125000000.0||6.39|5.33|5.41|5.86||4025000000.0|3714000000.0|4284000000.0|5125000000.0||4253000000.0|4016000000.0|4694000000.0|5601000000.0||6.75|5.77|5.93|6.4||3832000000.0|3522000000.0|4013000000.0|4920000000.0||20.06|16.68|16.79|17.02||3038000000.0|2857000000.0|3323000000.0|4064000000.0||4.82|4.1|4.2|4.65||1.27|1.2|1.4|1.71||15.48|-5.94|16.31|22.28||-103020000.0|-232460000.0|-306260000.0|-277460000.0||227780000.0|301220000.0|409950000.0|476500000.0||18456000000.0|22976000000.0|26379000000.0|31569000000.0||11204000000.0|14789000000.0|17540000000.0|20599000000.0||7154000000.0|8047000000.0|8764000000.0|10854000000.0||1335000000.0|1729000000.0|2017000000.0|3023000000.0||6138000000.0|9381000000.0|11133000000.0|12017000000.0||||683330000.0|451670000.0||-4503000000.0|-7152000000.0|-8948000000.0|-7825000000.0||3.0|3.37|3.67|4.48||1644000000.0|910020000.0|2153000000.0|6070000000.0||1150000000.0|48570000.0|1702000000.0|4798000000.0||-493300000.0|-861450000.0|-450630000.0|-1272000000.0||787330000.0|896920000.0|1006000000.0|1137000000.0||-2224000000.0|-2624000000.0|-2480000000.0|466930000.0||-327470000.0|412140000.0|286970000.0|992500000.0||463360000.0|854640000.0|-1121000000.0|-3077000000.0||-2435000000.0|-1353000000.0|-744540000.0|-2001000000.0||1.82|0.07|2.15|5.49||48.81|38.01|39.23|41.23||14.62|11.21|10.85|11.05||31.85|22.84|21.52|23.25||0.85|1.15|1.26|1.1||0.62|0.87|1.01|0.71
PR9|13.4|16.25|2.28|6.15|3.71|8.47|14.54|25.51|15.4|9.29|0.0|7.0|2.94|42.72|32|72|12|116|5.82|11.99|10.98|13.10|14.00|11.18|25.6|6.85|17.65|16.00|13.23|14.94|13.73|27.2|UP|flat|344|736|515|805|496|579|5|UP|3026000000|4150000000.0|4253000000.0|4691000000.0|5341000000.0|2172000000|2724000000.0|2820000000.0|3045000000.0|3346000000.0|853750000.00|1427000000.0|1433000000.0|1645000000.0|1995000000.0|28.21|34.38|33.69|35.07|37.35|296530000.00|691810000.0|659090000.0|807890000.0|962670000.0|9.80|16.67|15.5|17.22|18.02|296530000.00|691810000.0|659090000.0|807890000.0|962670000.0|570130000.00|974800000.0|941450000.0|1097000000.0|1263000000.0|18.84|23.49|22.14|23.39|23.65|300270000.00|700050000.0|688630000.0|862010000.0|1013000000.0|17.02|18.92|18.99|17.32|18.8|249170000.00|567610000.0|557860000.0|712680000.0|822710000.0|8.23|13.68|13.12|15.19|15.4|320000.00|0.72|0.71|0.91|1.05|23.32|127.8|-1.72|27.75|15.44|-480000.00|-480000.0|-640000.0|-490000.0|-760000.0|273600000.0|282980000.0|282350000.0|289250000.0|300570000.0|5137000000|5558000000.0|5910000000.0|6399000000.0|7027000000.0|859060000.00|822390000.0|830350000.0|960560000.0|1152000000.0|4277940000.00|4735610000.0|5079650000.0|5438440000.0|5875000000.0|690380000.00|1565000000.0|1751000000.0|394820000.0|660510000.0|6180000.00|7690000.0|8880000.0|4800000.0|15980000.0||||||1238000000|1709000000.0|1893000000.0|2238000000.0|2666000000.0|5.44|6.02|6.46|6.92|7.47|588020000.00|892540000.0|804070000.0|1040000000.0|988740000.0|344490000.00|736320000.0|514740000.0|804870000.0|495950000.0|-243530000.00|-156220000.0|-289340000.0|-235010000.0|-492790000.0|273600000.0|282980000.0|282350000.0|289250000.0|300570000.0|3220000.00|-47830000.0|-65120000.00000001|69330000.0|-157000000.0|97910000.00|874680000.0|185850000.0|-1356000000.0|265680000.0|-91260000.00|-115230000.0|-240280000.0|-357740000.0|-359010000.0|-398860000.00|97370000.0|-377940000.0|-2038000000.0|-364050000.0|11.39|17.74|12.1|17.16|9.29|5.94|12.6|11.37|13.55|14.54|3.73|8.09|7.18|8.2|8.96|7.98|18.5|17.19|20.91|24.39|0.00|0.0|0.0|0.0|0.0|-0.29|-0.36|-0.37|-0.41|-0.45
KLINIQ|5.7|15.73|3.21|6.36|6.3|7.02|20.81|22.08|10.23|10.14|0.38|5.0|5.58|87.71|31|72|12|115|80.54|12.48|16.95|18.76|20.42|29.83|85.5|45.60|14.36|13.84|15.44|17.58|21.36|57.0|DOWN|DOWN|166|182|19|-20|361|142|4|UP|949930000.00|1639000000.0|2285000000.0|2983000000.0|3556000000.0|391160000.00|716070000.0|1050000000.0|1440000000.0|1760000000.0|558770000.00|922970000.0|1235000000.0|1543000000.0|1796000000.0|58.82|56.31|54.05|51.71|50.51|153240000.00|255750000.0|345160000.0|398580000.0|477210000.0|16.13|15.6|15.1|13.36|13.42|153240000.00|255750000.0|345160000.0|398580000.0|477210000.0|205170000.00|329000000.0|539760000.0|553050000.0|662880000.0|21.60|20.07|23.62|18.54|18.64|148980000.00|246200000.0|350220000.0|390920000.0|461050000.0|13.24|16.54|17.59|17.58|21.04|129260000.00|205490000.0|288620000.0|322190000.0|363700000.0|13.61|12.54|12.63|10.8|10.23|810000.00|1.21|1.31|1.46|1.65|-10.67|58.98|40.45|11.63|12.88|-4320000.00|-10660000.0|-15100000.0|-23900000.0|-26340000.0|51930000.00|73260000.0|194610000.0|154470000.0|185670000.0|814300000.0|2590000000.0|2846000000.0|3118000000.0|3339000000.0|653790000.00|944500000.0|1143000000.0|1401000000.0|1558000000.0|160500000.0|1646000000.0|1703000000.0|1717000000.0|1773000000.0|75910000.00|464440000.0|108480000.0|247910000.0|314710000.0|206990000.00|305100000.0|461460000.0|658040000.0|677450000.0||||||-131080000.00|1159000000.0|707020000.0|120500000.0|39850000.0|1.00|7.48|7.74|7.8|8.06|238560000.00|407960000.0|385920000.0|551980000.0|660770000.0|165640000.00|182170000.0|19390000.0|-19700000.0|360620000.0|-72920000.00|-225790000.0|-366520000.0|-571670000.0|-300150000.0|81190000.00|142000000.0|194610000.0|282300000.0|333120000.0|220060000.00|276530000.0|245350000.0|406250000.0|311080000.0|66620000.00|388540000.0|-355960000.0|139380000.0|66800000.0|-120570000.00|1207000000.0|-320510000.0|-428390000.0|-436360000.0|-51370000.00|-1226000000.0|-421370000.0|15790000.0|-157610000.0|17.44|11.11|0.85|-0.66|10.14|95.13|22.75|17.24|18.84|20.81|12.07|9.39|7.94|8.35|9.24|43.89|54.87|38.38|25.35|22.58|1.29|0.19|0.27|0.38|0.38|0.82|-0.7|-0.41|-0.07|-0.02
SCB|488.2|10.28|0.97|9.73|9.94|None|9.68|None|36.5|37.3|None|4.0|7.78|74.02|54|43|17|114||8.17|9.21|9.11|9.68|9.04|6.1||||||||flat|||100917|101972|-60527|48528|47722|3|DOWN||120592000000.0|127503000000.0|129779000000.0|130114000000.0||||||||||||||||||||||||||||||||||||||||||50718000000.0|55723000000.0|56803000000.0|60544000000.0||26.8|21.45|21.52|20.36||37546000000.0|43521000000.0|43943000000.0|47488000000.0|||||||11.12|12.93|13.05|14.1||5.5|15.92|0.97|8.07||||||||||||3454452000000.0|3438722000000.0|3486539000000.0|3650742000000.0||2987840000000.0|2954989000000.0|2991702000000.0|3149034000000.0||461232000000.0|478082000000.0|488636000000.0|495313000000.0||47254000000.0|40676000000.0|43801000000.0|43867000000.0||136196000000.0|156915000000.0|156577000000.0|168128000000.0||49329000000.0|35146000000.0|90159000000.0|101104000000.0||513544000000.0|404121000000.0|522607000000.0|590053000000.0||136.98|141.99|145.12|147.1||102100000000.0|102899000000.0|-59243000000.0|49502000000.0||100917000000.0|101972000000.0|-60527000000.0|48528000000.0||-1183000000.0|-927120000.0|-1283000000.0|-974390000.0||3338000000.0|3167000000.0|2897000000.0|3021000000.0|||||||-3167000000.0|-6578000000.0|3125000000.0|65560000.0||74474000000.0|-104568000000.0|-5579000000.0|64762000000.0||-179437000000.0|-4794000000.0|67995000000.0|-114204000000.0||83.69|79.98|-46.64|37.3||8.17|9.21|9.11|9.68||1.1|1.27|1.29|1.35|||||||0.29|0.32|0.32|0.34||-1.1|-0.83|-1.06|-1.18
THMUI|0.1|8.78|0.32|11.39|13.75|6.5|3.41|3.79|2.77|3.35|0.54|7.0|None|None|82|31|0|113|0.13|-1.22|0.52|-12.73|3.69|-1.92|999.0|0.70|0.21|1.18|-7.91|3.71|-0.42|999.0|UP|UP|-15|-15|3|34|15|4|3|UP|354150000.00|379950000.0|411410000.0|356780000.0|447060000.0|219190000.00|235040000.0|249700000.0|216420000.0|267019999.99999997|134950000.00|144910000.0|161720000.0|140360000.0|180040000.0|38.11|38.14|39.31|39.34|40.27|4400000.0|1350000.0|10870000.0|-48730000.0|25410000.0|1.24|0.36|2.64|-13.66|5.68|4400000.0|1350000.0|10870000.0|-48730000.0|25410000.0|11080000.00|8250000.0|18290000.0|-41920000.0|30260000.0|3.13|2.17|4.45|-11.75|6.77|-1340000.00|-6710000.0|880000.0|-58940000.0|15230000.0|||37.32||26.18|500000.0|-4560000.0|1980000.0|-41300000.0|12390000.0|0.14|-1.2|0.48|-11.58|2.77|0.00|-0.01|0.01|-0.12|0.04||||||-6440000.00|-8730000.0|-10880000.0|-10830000.0|-11180000.0|6680000.00|6900000.0|7430000.0|6810000.0|4840000.0|646930000.00|663830000.0|700670000.0|627960000.0|642670000.0|268810000.00|291270000.0|323090000.0|303500000.0|306980000.0|368710000.00|364150000.0|370610000.0|329310000.0|341690000.0|40730000.00|10860000.0|12970000.0|16780000.0|13290000.0|164620000.00|164170000.0|210520000.0|185250000.0|182900000.0|45260000.00|45150000.0|44080000.0|||-123850000.00|-153270000.0|-197510000.0|-168420000.0|-169540000.0|1.08|1.07|1.09|0.97|1.0|-11520000.00|-11350000.0|10680000.0|36760000.0|18830000.0|-15250000.00|-14740000.0|3200000.0|33590000.0|14960000.0|-3730000.00|-3390000.0|-7480000.0|-3180000.0|-3870000.0|19390000.00|19050000.0|21010000.0|20150000.0|16450000.0|-35560000.00|-31970000.0|-16480000.0|25880000.0|-21550000.0|-23730000.00|-29870000.0|2120000.0|3810000.0|-3490000.0|-9000000|-15770000.0|-4150000.0000000005|-29240000.0|-19150000.0|-3210000.00|-2750000.0|-4410000.0|-3710000.0|-3170000.0|-4.31|-3.88|0.78|9.41|3.35|-0.20|-1.49|0.15|-15.14|3.41|0.43|0.13|1.0|-4.58|2.5|0.90|0.26|1.24|-9.13|3.76|0.44|0.44|0.56|0.57|0.55|0.33|0.41|0.52|0.52|0.51
SDC|1.0|16.83|2.81|5.95|26.97|6.7|18.22|9.84|11.35|51.48|3.74|7.0|None|None|46|66|0|112|-39.73|-1992.54|-396.18|1.64|16.72|-482.02|999.0|-2.79|-3.57|-5.97|5.81|7.85|0.27|2067.3|UP|UP|-518|-228|-82|378|279|-34|2|UP|406570000.00|637540000.0|1907000000.0|652740000.0|542380000.0|400620000.00|661740000.0|1922000000.0|452920000.0|324870000.0|5950000.00|-24200000.0|-15060000.0|199820000.0|217510000.0|1.46|-3.8|-0.79|30.61|40.1|-135890000.00|-129750000.0|-162750000.0|131820000.0|157080000.0|-33.42|-20.35|-8.53|20.2|28.96|-135890000.00|-129750000.0|-162750000.0|131820000.0|157080000.0|-38390000.00|-30140000.0|-6640000.0|319750000.0|333770000.0|-9.44|-4.73|-0.35|48.99|61.54|-335020000.00|-965360000.0|-736860000.0|5000000.0|60660000.0||||||-332210000.00|-1175000000.0|-753530000.0|5040000.0|61560000.0|-81.71|-184.32|-39.51|0.77|11.35|-30000.00|-0.09|-0.05|0.0|0.0|||||1122.19|-195360000.00|-173960000.0|-172210000.0|-119580000.0|-84210000.0|97500000.0|99610000.0|156110000.0|187930000.0|176690000.0|4552000000|4252000000.0|4600000000.0|3193000000.0|2947000000.0|3716000000|4193000000.0|4409000000.0|2886000000.0|2579000000.0|769460000.00|82700000.0|198900000.0|327900000.0|389260000.0|171180000.00|213150000.0|66379999.99999999|108160000.0|145140000.0|3234000000|3061000000.0|2056000000.0|1617000000.0|1377000000.0|480960000.00|360270000.0|21910000.0|||-2947000000|-2847000000.0|-1989000000.0|-1509000000.0|-1232000000.0|0.06|0.01|0.01|0.01|0.01|-396360000.00|136640000.0|50400000.0|793670000.0|336330000.0|-517620000.00|-227580000.0|-81930000.0|377570000.0|279240000.0|-121260000.00|-364230000.0|-132330000.00000001|-416100000.0|-57090000.0|128190000.00|129470000.0|168900000.0|189480000.0|178250000.0|-229140000.00|305150000.0|203790000.0|597390000.0|-94080000.0|47620000.00|41970000.0|-146770000.0|41780000.0|36980000.0|511900000.0|267399999.99999997|-66069999.99999999|-325360000.0|-242610000.0|-67910000.00|-362070000.0|-131100000.0|-426530000.0|-56740000.0|-127.31|-35.7|-4.29|57.84|51.48|-53.42|-282.7|-592.78|2.48|18.22|-1.90|-1.84|-2.3|2.11|3.2||||||3.87|51.91|10.81|5.27|3.74|3.52|48.28|10.46|4.92|3.35
DOD|0.8|15.98|0.8|7.78|5.54|6.66|5.43|5.36|9.59|6.83|0.07|7.0|2.94|None|54|50|8|112|3.95|-44.57|0.67|-17.86|6.25|-10.31|999.0|21.19|-0.83|5.17|1.36|3.51|6.08|128.6|UP|DOWN|-38|-194|5|12|42|-34|3|UP|1018000000|548330000.0|692710000.0|662040000.0|621210000.0|580700000.0|396660000.0|406360000.0|438580000.0|398920000.0|437650000.00|151680000.0|286350000.0|223460000.0|222300000.0|42.98|27.66|41.34|33.75|35.78|309300000.0|-11380000.0|87840000.0|14460000.0|39320000.0|30.37|-2.08|12.68|2.18|6.33|309300000.0|-11380000.0|87840000.0|14460000.0|39320000.0|371450000.00|48030000.0|156110000.0|71390000.0|80420000.0|36.48|8.76|22.54|10.78|12.95|265060000.00|-424230000.0|92820000.0|40490000.0|43450000.0|12.06||30.49|32.89||49790000.00|-398330000.0|7190000.0|-159330000.0|59590000.0|4.89|-72.65|1.04|-24.07|9.59|120000.00|-0.97|0.02|-0.35|0.13|-64.75|||||-6720000.00|-7090000.0|-5310000.0|-3730000.0|-2860000.0|62150000.00|59410000.0|68270000.0|56930000.0|41100000.0|1627000000|1291000000.0|1458000000.0|1286000000.0|1154000000.0|364700000.0|397290000.0|377580000.0|394400000.0|200130000.0|1281000000|887150000.0|1058000000.0|898600000.0|958330000.0|161680000.00|30270000.0|67990000.0|223090000.0|129229999.99999999|183300000.0|229080000.0|168690000.0|46060000.0|70350000.0|19310000.00|2120000.0|||57140000.0|-21620000.00|-198810000.0|-100700000.0|177030000.0|219680000.0|3.12|2.16|2.35|2.0|2.13|145000000|-130710000.00000001|22800000.0|34800000.0|91310000.0|-37930000.00|-194000000.0|4720000.0|12310000.0|42430000.0|-182930000.00|-63290000.0|-18070000.0|-22490000.0|-48880000.0|67040000.00|62870000.0|72260000.0|59570000.0|41940000.0|-124150000.00|-92660000.0|-72600000.0|33280000.0|28500000.0|18680000.00|-131410000.0|37720000.0|155100000.0|-93860000.0|-53960000.00|61420000.0|104720000.0|-76940000.0|23020000.0|-72360000.00|-62120000.0|-89790000.0|197240000.0|-208190000.0|-3.72|-35.38|0.68|1.86|6.83|18.74|-32.02|6.54|2.76|5.43|11.42|-0.49|4.0|0.66|2.01|21.16|-0.96|5.37|1.02|5.43|0.14|0.26|0.16|0.05|0.07|0.02|0.22|0.09|-0.2|-0.23
MITSIB|0.7|13.51|0.6|7.4|11.81|12.0|4.53|4.53|8.57|13.68|0.69|6.0|3.7|37.53|60|39|13|112|1.78|2.91|4.54|1.01|4.47|2.94|48.0|2.44|3.37|3.84|1.90|4.57|3.22|29.7|UP|UP|7|3|-229|-109|88|-48|3|UP|555710000.00|485450000.0|686470000.0|781710000.0|640080000.0|332630000.00|235860000.0|365150000.0|444560000.0|291510000.0|223070000.00|249580000.0|321320000.0|337150000.0|348560000.0|40.14|51.41|46.81|43.13|54.46|52600000.0|57470000.0|92000000.0|77000000.0|116980000.0|9.47|11.84|13.4|9.85|18.28|52600000.0|57470000.0|92000000.0|77000000.0|116980000.0|59540000.00|63250000.0|96760000.0|80970000.0|120580000.0|10.71|13.03|14.09|10.36|18.84|19200000.0|24210000.0|46000000.0|23970000.0|68610000.0|32.52|11.28|23.77|50.0|20.04|12950000.00|21480000.0|35070000.0|11990000.0|54860000.0|2.33|4.42|5.11|1.53|8.57|20000.00|0.03|0.04|0.01|0.04|-49.77|65.84|63.26|-65.83|357.7|-29650000.00|-33009999.999999996|-45990000.0|-53030000.0|-48370000.0|6930000.00|5780000.0|4760000.0|3960000.0|3600000.0|1574000000|1588000000.0|1890000000.0|2088000000.0|2125000000.0|845080000.00|849710000.0|1118000000.0|895120000.0|898210000.0|728480000.00|738710000.0|771680000.0|1193000000.0|1227000000.0|76170000.00|32000000.0|21680000.0|15150000.0|29610000.0|804670000.00|805140000.0|1078000000.0|847420000.0|849010000.0|371020000.00|324130000.0|266339999.99999997|177800000.0|126840000.0|-728500000.0|-773140000.0|-1057000000.0|-832270000.0|-819400000.0|0.92|0.94|0.98|0.87|0.89|9700000.0|4420000.0|-226230000.0|-106550000.0|91970000.0|7180000.00|2950000.0|-228740000.0|-108810000.0|87570000.0|-2520000.00|-1480000.0|-2520000.0|-2260000.0|-4400000.0|14720000.00|13670000.0|12280000.0|13150000.0|13110000.0|-62510000.00|-162530000.0|-380010000.0|-278500000.0|-95810000.0|45200000.0|-44170000.0|-10320000.0|-6530000.0|14460000.0|36240000.00|-45480000.0|221040000.0|107000000.0|-73060000.0|-740000.00|-3110000.0|-5130000.0|-6980000.0|-4450000.0|1.29|0.61|-33.32|-13.92|13.68|1.75|2.93|4.64|1.22|4.53|2.16|2.27|3.31|2.42|3.47|2.47|3.44|4.2|2.0|4.59|1.11|1.09|1.4|0.71|0.69|1.00|1.05|1.37|0.7|0.67
KTC|75.4|9.31|1.63|10.73|None|None|17.98|7.77|40.1|None|1.12|4.0|4.51|None|44|50|12|106||24.05|21.50|19.51|18.02|20.77|10.9||||||||DOWN|||-4395|1927|5833|9233|3150|3|UP||16909000000.0|17685000000.0|18662000000.0|19851000000.0|||||||||||||||||8793000000.0|8885000000.0|9040000000.0|10212000000.0||52.0|50.24|48.44|51.44|||||||||||||||||8871000000.0|9068000000.0|9265000000.0|10456000000.0||20.49|20.05|20.26|27.71||7079000000.0|7295000000.0|7437000000.0|7782000000.0||41.87|41.25|39.85|39.2||2.75|2.83|2.88|3.02||20.42|3.05|1.94|4.63||||||||||||101796000000.0|112814000000.0|111066000000.0|110524000000.0||70220000000.0|76968000000.0|71166000000.0|66505000000.0||31353000000.0|35682000000.0|39810000000.0|44151000000.0||2182000000.0|5344000000.0|3063000000.0|3471000000.0||61972000000.0|66918000000.0|62336000000.0|57140000000.0||46817000000.0|44532000000.0|38807000000.0|29782000000.0||-59790000000.0|-61574000000.0|-59273000000.0|-53668000000.0||12.16|13.84|15.44|17.12||-4277000000.0|2103000000.0|6000000000.0|9317000000.0||-4395000000.0|1927000000.0|5833000000.0|9233000000.0||-118070000.0|-176090000.0|-167150000.0|-84120000.0||397660000.0|384460000.0|383990000.0|377930000.0|||||||-180950000.0|3162000000.0|-2281000000.0|408590000.0||4322000000.0|1408000000.0|-8132000000.0|-8716000000.0||-225720000.0|-348920000.0|-149150000.0|-193090000.0||-25.99|10.9|31.25|46.51||24.05|21.5|19.51|18.02||7.38|6.76|6.6|6.82||7.97|7.24|7.03|7.26||1.96|1.87|1.56|1.3||1.89|1.72|1.49|1.22
KTB|436.8|9.06|0.9|11.04|None|None|11.02|None|37.14|None|None|4.0|6.62|57.26|52|33|19|104|6.73|9.71|9.91|11.34|11.02|9.74|16.7||||||||UP||-165246|-37726|-58502|52072|59456|-29989|2|UP|83262000000|101053000000.0|112380000000.0|130331000000.0|129867000000.0|||||||||||||||||||||||||||||||||||||||||30531000000|46283000000.0|50223000000.0|61553000000.0|65101000000.0|19.57|19.61|19.72|18.81|19.79|21588000000|33698000000.0|36616000000.0|46153000000.0|48229000000.0||||||1540000.00|2.41|2.62|3.3|3.45|29.03|56.09|8.66|26.05|4.5|||||||||||3556744000000|3592419000000.0|3677684000000.0|3740468000000.0|3933319000000.0|3182633000000|3199847000000.0|3256838000000.0|3279797000000.0|3446297000000.0|360025000000|376276000000.0|402348000000.0|440094000000.0|464201000000.0|63544000000|61591000000.0|55626000000.0|56889000000.0|61745000000.0|188644000000|233367000000.0|228617000000.0|192164000000.0|191804000000.0|121496000000|138023000000.0|137427000000.0|110880000000.0|78729000000.0|-59453000000|-57139000000.0|-79417000000.0|-46703000000.0|-23888000000.0|25.76|26.92|28.79|31.49|33.21|-165246000000|-37726000000.0|-58502000000.0|52072000000.0|59456000000.0|-165246000000|-37726000000.0|-58502000000.0|52072000000.0|59456000000.0||||||4648000000|4189000000.0|4185000000.0|4015000000.0|3805000000.0||||||-4617000000|-1953000000.0|-5965000000.0|1263000000.0|4857000000.0|188560000000|-16580000000.0|54009000000.0|41419000000.0|102629000000.0|-28076000000|52408000000.0|-1444000000.0|-92213000000.0|-157199000000.0|-198.47|-37.33|-52.06|39.95|45.78|6.73|9.71|9.91|11.34|11.02|0.71|1.04|1.11|1.35|1.36||||||0.50|0.59|0.54|0.42|0.39|0.16|0.15|0.19|0.1|0.05
CPALL|423.3|15.33|1.28|6.55|11.76|11.27|9.79|6.01|2.76|4.87|1.33|8.0|3.47|43.0|47|45|12|104||4.57|6.13|7.93|8.51|6.79|22.9||4.34|5.17|5.97|6.00|5.37|12.7|UP|UP||44176|62902|53254|49781|52528|4|UP||852322000000.0|920373000000.0|987143000000.0|1021588000000.0||651100000000.0|699010000000.0|742490000000.0|765546000000.0||201222000000.0|221363000000.0|244653000000.0|256042000000.0||23.61|24.05|24.78|25.06||35808000000.0|41451000000.0|50064000000.0|52834000000.0||4.2|4.5|5.07|5.17||35808000000.0|41451000000.0|50064000000.0|52834000000.0||57120000000.0|62796000000.0|71512000000.0|74418000000.0||6.7|6.82|7.24|7.29||20082000000.0|26454000000.0|35893000000.0|38919000000.0||19.23|17.4|17.78|18.1||13272000000.0|18482000000.0|25346000000.0|28206000000.0||1.47|1.96|2.52|2.72||1.39|2.01|2.77|3.1||2.2|39.26|37.14|11.29||-16832000000.0|-16558000000.0|-15495000000.0|-14894000000.0||21312000000.0|21344000000.0|21448000000.0|21585000000.0||924061000000.0|926491000000.0|944120000000.0|982814000000.0||633760000000.0|624896000000.0|624510000000.0|651269000000.0||100724000000.0|110995000000.0|126860000000.0|138141000000.0||71424000000.0|67234000000.0|54613000000.0|53207000000.0||446882000000.0|427527000000.0|424589000000.0|442339000000.0||309061000000.0|265163000000.0|263132000000.0|262205000000.0||-374992000000.0|-360210000000.0|-369960000000.0|-388779000000.0||10.1|11.25|13.01|14.39||69873000000.0|87172000000.0|76169000000.0|74255000000.0||44176000000.0|62902000000.0|53254000000.0|49781000000.0||-25698000000.0|-24270000000.0|-22915000000.0|-24475000000.0||34889000000.0|34492000000.0|34968000000.0|35798000000.0||2476000000.0|12987000000.0|-5917000000.0|-10596000000.0||-24898000000.0|-4190000000.0|-12621000000.0|-1406000000.0||-64312000000.0|-62988000000.0|-59904000000.0|-38370000000.0||-30506000000.0|-28067000000.0|-28951000000.0|-37017000000.0||5.18|6.83|5.39|4.87||5.56|7.38|9.5|9.79||2.41|2.8|3.35|3.43||4.37|5.16|6.09|6.14||1.54|1.42|1.33|1.33||1.29|1.19|1.16|1.17
WP|1.9|12.52|1.49|7.99|6.95|4.44|11.74|-1.91|0.89|0.78|0.33|4.0|7.94|99.32|54|34|15|103||8.76|9.50|10.90|11.93|10.27|11.9||-1.84|-4.28|-3.19|-3.69|-3.25|999.0|UP|DOWN||100|97|80|134|103|4|UP||15323000000.0|17933000000.0|18770000000.0|17273000000.0|||||||||||||||||-27730000.0|-62470000.0|-47560000.0|-52300000.0|||||||-27730000.0|-62470000.0|-47560000.0|-52300000.0||330280000.0|293270000.0|321590000.0|302460000.0||2.15|1.64|1.71|1.75||155460000.0|161090000.0|180130000.0|200930000.0||26.25|24.1|21.79|23.73||119190000.0|125450000.0|143730000.0|154180000.0||0.78|0.7|0.77|0.89||0.23|0.24|0.28|0.3||20.61|5.25|14.57|7.27||-24990000.0|-27320000.0|-24500000.0|-20420000.0||358010000.0|355740000.0|369150000.0|354760000.0||7022000000.0|7178000000.0|6908000000.0|6807000000.0||5661000000.0|5857000000.0|5588000000.0|5515000000.0||1351000000.0|1314000000.0|1313000000.0|1292000000.0||799400000.0|692950000.0|536260000.0|632880000.0||548350000.0|480890000.0|384490000.0|423170000.0||116980000.0|93360000.0|47550000.0|8340000.0||342180000.0|273360000.0|343810000.0|303680000.0||2.6|2.57|2.57|2.53||485210000.0|561560000.0|402000000.0|414630000.0||99990000.0|96560000.0|80380000.0|134070000.0||-385220000.0|-465000000.0|-321620000.0|-280570000.0||422060000.0|422610000.0|430930000.0|418580000.0||-55400000.0|47630000.0|-134860000.0|-177740000.0||176440000.0|-106460000.0|-156690000.0|96620000.0||-67480000.0|-244350000.0|-262730000.00000003|-183220000.0||-241300000.0|-424230000.0|-302770000.0|-135180000.0||0.65|0.54|0.43|0.78||8.53|9.12|10.67|11.74||-0.26|-0.55|-0.42|-0.48|||||||0.4|0.36|0.29|0.33||-0.25|-0.21|-0.26|-0.23
CNT|1.1|13.71|0.61|7.3|10.86|11.16|3.24|2.63|1.05|1.56|0.61|6.0|4.9|65.9|60|27|14|101||-12.94|1.73|2.91|4.45|-0.96|999.0||-11.25|0.57|0.43|2.13|-2.03|999.0|UP|UP||-303|-1026|687|116|-131|2|UP||5348000000.0|7249000000.0|6114000000.0|7449000000.0||5363000000.0|6918000000.0|5847000000.0|7045000000.0||-14590000.0|331130000.0|267760000.0|403990000.0||-0.27|4.57|4.38|5.42||-265120000.0|46360000.0|12990000.0|70030000.0||-4.96|0.64|0.21|0.94||-265120000.0|46360000.0|12990000.0|70030000.0||-146080000.0|147200000.0|108640000.0|158010000.0||-2.73|2.03|1.78|2.12||-231680000.0|55050000.0|20490000.0|43660000.0|||64.09||||-213390000.0|29040000.0|49870000.0|77990000.0||-3.99|0.4|0.82|1.05||-0.21|0.03|0.05|0.08||||71.72|56.38||-5210000.0|-39800000.0|-81810000.0|-56450000.0||119040000.0|100830000.0|95650000.0|87980000.0||6202000000.0|6487000000.0|6458000000.0|6599000000.0||4553000000.0|4810000000.0|4741000000.0|4846000000.0||1634000000.0|1666000000.0|1706000000.0|1764000000.0||211950000.0|170370000.0|129880000.0|187610000.0||448570000.0|1431000000.0|853220000.0|1062000000.0||||95820000.0|255020000.0||-236620000.0|-1260000000.0|-723340000.0|-874220000.0||1.59|1.62|1.66|1.72||-156510000.0|-766290000.0|768590000.0|197620000.0||-302940000.0|-1026000000.0|686940000.0|116100000.0||-146430000.0|-260070000.0|-81650000.0|-81510000.0||141600000.0|114320000.0|110010000.0|103020000.0||-117670000.0|-712320000.0|548460000.0|3720000.0||-91650000.0|-41480000.0|-40490000.0|57730000.0||188290000.0|976900000.0|-608810000.0|145100000.0||-123460000.0|-251960000.0|-200090000.0|-284200000.0||-5.66|-14.16|11.24|1.56||-12.23|1.19|2.18|3.24||-2.82|0.46|0.13|0.67||-14.27|0.69|0.48|2.76||0.27|0.85|0.5|0.61||0.14|0.75|0.42|0.5
BBGI|5.7|20.26|0.61|4.94|14.97|8.9|3.0|3.06|1.59|4.81|0.27|7.0|3.79|51.14|46|33|12|91||0.20|0.10|2.30|3.03|1.41|91.2||1.70|1.71|3.46|3.06|2.48|31.8|UP|UP||75|597|-353|857|294|3|UP||13374000000.0|13757000000.0|22192000000.0|17834000000.0||12910000000.0|13316000000.0|21409000000.0|16991000000.0||464240000.0|441130000.0|782990000.0|843220000.0||3.47|3.21|3.53|4.73||199750000.0|208940000.0|431990000.0|432560000.0||1.49|1.52|1.95|2.43||199750000.0|208940000.0|431990000.0|432560000.0||598350000.0|678180000.0|911190000.0|901890000.0||4.47|4.93|4.11|5.06||97150000.0|120290000.0|354260000.0|346210000.0||0.31|16.45|5.13|19.04||20420000.0|9870000.0|215070000.0|282700000.0||0.15|0.07|0.97|1.58||0.02|0.01|0.15|0.2||-97.87|-51.68|2080.13|31.44||-94670000.0|-77710000.0|-77530000.0|-68890000.0||398590000.0|469240000.0|479200000.0|469330000.0||14106000000.0|13635000000.0|13728000000.0|12682000000.0||3825000000.0|3699000000.0|4368000000.0|3339000000.0||9716000000.0|9397000000.0|9303000000.0|9288000000.0||1414000000.0|2260000000.0|546510000.0|401420000.0||2851000000.0|2508000000.0|3034000000.0|2495000000.0||2171000000.0|678300000.0|1124000000.0|835200000.0||-216590000.0|-247720000.0|-2487000000.0|-2094000000.0||6.72|6.5|6.43|6.42||462840000.0|815770000.0|-25820000.0|1033000000.0||75280000.0|597380000.0|-352990000.0|857000000.0||-387570000.0|-218390000.0|-327170000.0|-176010000.0||421640000.0|469240000.0|479200000.0|469330000.0||-118230000.0|198530000.0|-999840000.0|319460000.0||1031000000.0|846110000.0|-1714000000.0|-145080000.0||2183000000.0|-618510000.0|-415550000.0|-767760000.0||-1615000000.0|648850000.0|-1272000000.0|-409840000.0||0.56|4.34|-1.59|4.81||1.13|0.99|3.48|3.0||0.92|0.94|1.97|2.05||1.83|1.69|3.72|3.01||0.28|0.25|0.32|0.27||0.02|0.03|0.27|0.22
INGRS|0.5|None|0.26|-43.3|58.01|6.08|-3.2|5.29|-3.2|4.28|1.4|6.0|6.39|None|51|24|15|90|-10.22|-9.30|-16.84|0.46|2.13|-6.75|999.0|-3.88|-5.09|-4.70|1.82|6.96|-0.98|999.0|UP|UP|-414|-128|-1304|989|498|-72|2|UP|2153000000|2689000000.0|4993000000.0|6720000000.0|7097000000.0|1910000000|2322000000.0|4664000000.0|5967000000.0|6069000000.0|243390000.00|367050000.0|329330000.0|753320000.0|1028000000.0|11.30|13.65|6.6|11.21|14.49|-159520000.00|-231590000.0|-265040000.00000003|222480000.0|468050000.0|-7.41|-8.61|-5.31|3.31|6.59|-159520000.00|-231590000.0|-265040000.00000003|222480000.0|468050000.0|98260000.00|103220000.0|159510000.0|665360000.0|868570000.0|4.56|3.84|3.19|9.9|12.24|-249840000.00|-266779999.99999997|-478570000.0|120080000.0|205510000.0||||65.86|35.27|-221920000.00|-208700000.0|-300960000.0|8119999.999999999|44150000.0|-10.31|-7.76|-6.03|0.12|0.62|-150000.00|-0.14|-0.21|0.01|0.03|||||443.59|-65750000.00|-83860000.0|-140320000.0|-185080000.0|-209350000.0|257780000.00|334810000.0|424550000.0|442890000.0|400530000.0|4891000000|6767000000.0|6769000000.0|6875000000.0|6827000000.0|2719000000|4523000000.0|4982000000.0|5103000000.0|4754000000.0|1330000000|1360000000.0|1030000000.0|1039000000.0|1239000000.0|534680000.00|568060000.0|469120000.0|666610000.0|613400000.0|1654000000|1961000000.0|3189000000.0|3076000000.0|2893000000.0|671560000.00|906690000.0|1778000000.0|1619000000.0|1359000000.0|-1119000000|-1393000000.0|-2720000000.0|-2409000000.0|-2280000000.0|0.92|0.94|0.71|0.72|0.86|274600000.0|266110000.0|-407990000.0|1289000000.0|588650000.0|-413960000.00|-127790000.0|-1304000000.0|989220000.0|497720000.0|-688560000.00|-393910000.0|-896010000.0|-300220000.0|-90920000.0|298690000.00|389020000.0|513860000.0|560610000.0|505100000.0|259250000.00|146100000.0|-449610000.0|557210000.0|-25510000.0|4130000.00|106830000.0|-75720000.0|188370000.0|-52210000.0|364280000.00|351530000.0|1176000000.0|-254680000.0|-368200000.0|-641840000.00|-495060000.0|-892840000.0|-773540000.0|-402060000.0|-19.22|-4.75|-26.11|14.72|7.01|-11.21|-13.37|-22.1|2.3|6.92|-2.21|-2.48|-2.45|2.04|4.27|-5.00|-6.69|-6.51|1.75|7.1|0.76|0.87|1.79|1.74|1.4|0.52|0.62|1.52|1.36|1.1
BAFS|5.3|34.08|0.84|2.93|15.64|10.82|2.43|2.1|5.72|22.59|2.02|7.0|3.93|125.54|40|40|8|88||-4.73|-2.06|1.59|3.33|-0.47|999.0||0.03|1.71|0.49|2.08|1.08|78.3|UP|UP||294|870|969|837|742|4|UP||2284000000.0|3042000000.0|3507000000.0|3707000000.0||1652000000.0|1833000000.0|1980000000.0|2038000000.0||631650000.0|1210000000.0|1527000000.0|1669000000.0||27.66|39.76|43.53|45.03||8460000.0|417630000.0|729600000.0|847340000.0||0.37|13.73|20.8|22.86||8460000.0|417630000.0|729600000.0|847340000.0||833260000.0|1197000000.0|1522000000.0|1648000000.0||36.48|39.36|43.41|44.44||-402440000.0|-127940000.0|193310000.0|336820000.0||||87.51|53.82||-281430000.0|-138050000.0|102860000.0|211940000.0||-12.32|-5.42|1.37|4.24||-0.44|-0.26|0.08|0.25|||||106.05||-528190000.00000006|-613900000.0|-585460000.0|-552230000.0||824800000.0|779790000.0|792600000.0|800280000.0||23724000000.0|22727000000.0|21801000000.0|21845000000.0||17773000000.0|16027000000.0|15333000000.0|15485000000.0||4550000000.0|5456000000.0|5387000000.0|5326000000.0||522669999.99999994|522580000.00000006|555370000.0|419360000.0||14877000000.0|13308000000.0|12719000000.0|12829000000.0||11615000000.0|9795000000.0|9092000000.0|9763000000.0||-14254000000.0|-12691000000.0|-12081000000.0|-12337000000.0||7.14|7.0|6.9|6.8||565970000.0|1138000000.0|1413000000.0|1638000000.0||293890000.0|869940000.0|968560000.0|837450000.0||-272080000.0|-268430000.0|-444120000.0|-800140000.0||903540000.0|859550000.0|876010000.0|890990000.0||-284040000.0|-13820000.0|29880000.0|80840000.0||-39340000.0|-100000.0|32799999.999999996|-136010000.0||-1252000000.0|-1429000000.0|-1564000000.0|-790780000.0||646250000.0|293960000.0|184640000.0|-981430000.0||12.87|28.59|27.62|22.59||-6.5|-4.2|0.37|2.43||0.02|1.12|2.05|2.43||0.04|2.11|0.48|2.1||2.5|1.99|1.97|2.02||2.4|1.89|1.87|1.94
DELTA|0|151.31|38.82|0.66|0.35|109.12|28.09|28.49|12.52|6.62|0.02|7.0|0.2|23.12|6|77|5|88|16.18|28.06|27.28|23.69|25.65|24.17|17.7|16.81|30.15|26.23|25.83|28.76|25.56|18.2|flat|UP|-5998|5714|1768|16373|13120|6195|4|UP|84760000000|118558000000.0|146371000000.0|164733000000.0|198153000000.0|66960000000|90618000000.0|112881000000.0|124236000000.0|144547000000.0|17801000000|27940000000.0|33491000000.0|40497000000.0|53606000000.0|21.00|23.57|22.88|24.58|27.05|6314000000|14438000000.0|17626000000.0|17697000000.0|26083000000.0|7.45|12.18|12.04|10.74|13.16|6314000000|14438000000.0|17626000000.0|17697000000.0|26083000000.0|8636000000|17448000000.0|22052000000.0|24265000000.0|34117000000.0|10.19|14.72|15.07|14.73|17.22|6801000000|15811000000.0|19496000000.0|19748000000.0|28887000000.0|1.44|2.95|5.5|4.1|14.1|6699000000|15345000000.0|18423000000.0|18939000000.0|24814000000.0|7.90|12.94|12.59|11.5|12.52|540000.00|1.23|1.48|1.52|1.99|-5.67|129.06|20.06|2.8|31.03|-4030000.00|-19520000.0|-109350000.0|-166980000.0|-63690000.0|2323000000|3011000000.0|4426000000.0|6568000000.0|8034000000.0|69338000000|90984000000.0|108145000000.0|123097000000.0|154131000000.0|27934000000|36305000000.0|40606000000.0|43155000000.0|57404000000.0|41404000000|54680000000.0|67539000000.0|79942000000.0|96727000000.0|6572000000|10142000000.0|7617000000.0|15701000000.0|20288000000.0|2180000000|1942000000.0|3576000000.0|1456000000.0|1466000000.0|367570000.00|794570000.0|825300000.0|1088000000.0|900360000.0|4391000000|8200000000.0|4041000000.0|14245000000.0|18822000000.0|3.32|4.38|5.41|6.41|7.75|335150000.00|13596000000.0|13313000000.0|31248000000.0|28078000000.0|-5998000000|5714000000.0|1768000000.0|16373000000.0|13120000000.0|-6333000000|-7882000000.0|-11545000000.0|-14875000000.0|-14957000000.0|2419000000|3107000000.0|4540000000.0|6691000000.0|8153000000.0|-10357000000|-6825000000.0|-13138000000.0|5042000000.0|-8565000000.0|-7310000000|3571000000.0|-2525000000.0|8084000000.0|4587000000.0|-2233000000|-2419000000.0|-3502000000.0|-7756000000.0|-5956000000.0|-6244000000|-7953000000.0|-12003000000.0|-14762000000.0|-16132000000.0|-7.08|4.82|1.21|9.94|6.62|16.97|31.94|30.15|25.68|28.09|6.24|11.26|11.06|9.57|11.76|20.43|33.56|30.29|26.27|31.2|0.05|0.04|0.05|0.02|0.02|-0.11|-0.15|-0.06|-0.18|-0.19
IP|2.5|20.08|1.07|4.98|6.81|9.28|6.11|6.37|5.53|7.56|0.17|7.0|1.8|None|31|50|4|85|13.43|5.62|2.40|1.70|5.32|5.69|73.2|12.11|7.89|3.76|2.18|6.31|6.45|53.5|flat|flat|-266|116|15|-60|167|-5|3|UP|920980000.00|1534000000.0|1799000000.0|1912000000.0|2214000000.0|507850000.00|905420000.0|1122000000.0|1188000000.0|1293000000.0|413140000.00|629030000.0|676980000.0|724360000.0|920760000.0|44.86|40.99|37.64|37.89|41.59|145770000.00|170800000.0|109400000.0|74220000.0|191970000.0|15.83|11.13|6.08|3.88|8.67|145770000.00|170800000.0|109400000.0|74220000.0|191970000.0|170850000.00|208700000.0|167660000.0|138540000.0|272490000.0|18.55|13.6|9.32|7.25|12.31|137680000.00|146690000.0|81370000.0|52780000.0|171170000.0|19.75|13.23|27.61|30.61|20.5|105220000.00|118880000.0|50790000.0|36650000.0|122380000.0|11.42|7.75|2.82|1.92|5.53|220000.00|0.22|0.08|0.06|0.2|100.27|12.99|-57.28|-27.84|233.93|-8010000.00|-23340000.0|-25760000.0|-19850000.0|-19580000.0|25080000.00|37900000.0|58250000.0|64319999.99999999|80510000.0|1327000000|3090000000.0|2952000000.0|3027000000.0|3239000000.0|543540000.00|973860000.0|834650000.0|869060000.0|939830000.0|761640000.00|1926000000.0|1913000000.0|1936000000.0|2059000000.0|173870000.00|776420000.0|412390000.0|184600000.0|280640000.0|356170000.00|539000000.0|399950000.0|394450000.0|400940000.0|187060000.00|319610000.0|205460000.0|167190000.0|124450000.0|-181500000.0|238250000.0|13300000.0|-208920000.0|-119290000.0|1.57|3.18|3.16|3.2|3.4|-41570000.00|143090000.0|121420000.0|177840000.0|307880000.0|-265730000.00|115720000.0|14960000.0|-59590000.0|167330000.0|-224150000.00|-27370000.0|-106460000.0|-237430000.0|-140560000.0|25670000.00|64470000.0|97180000.0|109530000.0|112660000.0|-195090000.00|-79950000.0|-59750000.0|-13970000.0|2860000.0|21540000.00|602560000.0|-364030000.0|-227790000.0|96040000.0|414920000.00|1048000000.0|-252860000.0|-95450000.0|-41260000.0|-351790000.00|-588130000.0|-232770000.0|-310010000.0|-170490000.0|-28.85|7.54|0.83|-3.12|7.56|17.40|8.78|2.78|1.71|6.11|8.75|4.83|2.26|1.55|3.83|16.49|10.42|3.98|2.3|6.38|0.46|0.26|0.19|0.18|0.17|0.23|-0.11|-0.01|0.1|0.05
ALT|1.5|18.87|0.9|5.39|12.25|7.4|4.93|1.76|5.46|12.41|0.59|5.0|None|None|48|36|0|84|-7.86|-6.79|1.36|0.50|4.84|-1.59|999.0|-6.42|-0.03|0.57|0.81|1.80|-0.65|999.0|UP|UP|176|-14|-468|482|186|72|3|flat|1073000000|1148000000.0|1467000000.0|1273000000.0|1495000000.0|990850000.00|946230000.0|1246000000.0|1023000000.0|1238000000.0|81800000.0|202040000.0|220860000.0|250010000.0|257579999.99999997|7.63|17.59|15.06|19.64|17.23|-138290000.00|-620000.0|22310000.0|45350000.0|54350000.0|-12.89|-0.05|1.52|3.56|3.64|-138290000.00|-620000.0|22310000.0|45350000.0|54350000.0|-61840000.00|86900000.0|116690000.0|149810000.0|171530000.0|-5.76|7.57|7.96|11.77|11.47|-131450000.00|-99340000.0|38250000.0|19880000.0|103140000.0|||42.52|59.25|20.94|-133270000.00|-107860000.0|21990000.0|8140000.000000001|81580000.0|-12.42|-9.39|1.5|0.64|5.46|-120000.00|-0.1|0.02|0.01|0.07||||-62.98|901.9|-15570000.00|-15500000.0|-23650000.0|-48130000.0|-55170000.0|76460000.00|87520000.0|94380000.0|104460000.0|117180000.0|2680000000|3024000000.0|3630000000.0|4224000000.0|4304000000.0|984720000.00|1436000000.0|2018000000.0|2605000000.0|2618000000.0|1695000000|1587000000.0|1612000000.0|1619000000.0|1686000000.0|253420000.00|315910000.0|137010000.0|246310000.0|284780000.0|281200000.0|465640000.0|783520000.0|919530000.0|988740000.0||||87400000.0|160690000.0|-27790000.00|-149730000.0|-646510000.0|-673220000.0|-673960000.0|1.50|1.4|1.42|1.43|1.51|260420000.00|292880000.0|151370000.0|698140000.0|386100000.0|175850000.00|-14120000.0|-468500000.0|481760000.0|185530000.0|-84570000.00|-307000000.0|-619870000.0|-216380000.0|-200570000.0|158530000.00|164200000.0|157550000.0|201130000.0|247120000.0|225470000.00|115540000.0|-11450000.0|495480000.0|73910000.0|-244020000.00|62490000.0|-178900000.0|109300000.0|38470000.0|-367790000.00|168510000.0|153190000.0|-226420000.0|-158660000.0|-136640000.00|-398900000.0|-483460000.0|-360280000.0|-184070000.0|16.39|-1.23|-31.95|37.84|12.41|-7.56|-6.57|1.37|0.5|4.93|-2.94|-0.01|0.42|0.72|0.8|-7.48|-0.04|0.64|0.81|1.85|0.17|0.29|0.49|0.57|0.59|0.02|0.09|0.4|0.42|0.4
CENTEL|46.2|23.2|2.04|4.31|7.6|11.44|9.02|4.39|8.08|14.24|1.41|4.0|1.96|39.97|29|41|9|79|-9.40|2.11|6.23|8.37|8.81|3.22|209.1|-2.49|2.05|3.96|4.16|4.31|2.40|107.5|UP|UP|497|3320|2981|-471|3512|1968|4|UP|11419000000|17880000000.0|22104000000.0|23740000000.0|24655000000.0|7613000000|10494000000.0|12883000000.0|12811000000.0|13357000000.0|3805000000|7386000000.0|9221000000.0|10930000000.0|11299000000.0|33.33|41.31|41.72|46.04|45.83|-1225000000|1043000000.0|2374000000.0|2653000000.0|2801000000.0|-10.73|5.83|10.74|11.18|11.36|-1225000000|1043000000.0|2374000000.0|2653000000.0|2801000000.0|152810000.00|2553000000.0|3898000000.0|4143000000.0|4650000000.0|1.34|14.28|17.64|17.45|18.86|-1835000000|552280000.0|1690000000.0|2185000000.0|2481000000.0||24.96|25.69|22.35|20.84|-1733000000|398080000.0|1248000000.0|1753000000.0|1993000000.0|-15.18|2.23|5.65|7.38|8.08|-1280000.00|0.29|0.92|1.3|1.48|||213.53|40.45|13.69|-717950000.00|-726300000.0|-1007000000.0|-1051000000.0|-1158000000.0|1378000000|1510000000.0|1524000000.0|1490000000.0|1850000000.0|48593000000|48166000000.0|54204000000.0|60761000000.0|62728000000.0|30161000000|29275000000.0|34186000000.0|39811000000.0|40114000000.0|18076000000|18518000000.0|19675000000.0|20714000000.0|22408000000.0|3354000000|3137000000.0|2519000000.0|2658000000.0|2945000000.0|24243000000|22480000000.0|27105000000.0|31191000000.0|31798000000.0|10587000000|9355000000.0|8229000000.0|13749000000.0|14263000000.0|-20388000000|-18690000000.0|-24252000000.0|-27800000000.0|-28120000000.0|13.39|13.72|14.57|15.34|16.6|2135000000|4199000000.0|4921000000.0|6623000000.0|6196000000.0|497090000.00|3320000000.0|2981000000.0|-470900000.0|3512000000.0|-1638000000|-878710000.0|-1940000000.0|-7094000000.0|-2684000000.0|3102000000|3047000000.0|3022000000.0|3185000000.0|3475000000.0|439990000.00|19900000.0|-190090000.0|898360000.0|23840000.0|620720000.00|-217800000.0|-617730000.0|138910000.0|286970000.0|1728000000|-2516000000.0|-3886000000.0|1023000000.0|-2162000000.0|-3397000000|-1798000000.0|-1586000000.0|-7306000000.0|-3707000000.0|4.35|18.57|13.49|-1.98|14.24|-12.26|2.22|6.46|8.28|9.02|-1.82|1.35|2.9|2.89|2.83|-3.58|2.05|4.31|4.43|4.46|1.32|1.19|1.35|1.49|1.41|1.11|0.99|1.21|1.33|1.24
SCI|0.7|39.81|1.03|2.51|None|21.54|2.89|0.28|1.54|None|0.38|6.0|None|None|13|23|0|36|0.24|-15.94|-82.70|-67.38|2.60|-32.64|999.0|-0.13|-11.18|-10.95|-10.98|0.28|-6.59|999.0|UP|UP|180|-27|-18|-70|105|34|2|DOWN|1569000000|1466000000.0|1583000000.0|1302000000.0|1197000000.0|1437000000|1516000000.0|1563000000.0|1256000000.0|1102000000.0|132090000.00|-49610000.0|19960000.0|45710000.0|94380000.0|8.42|-3.38|1.26|3.51|7.89|-9300000.0|-187570000.0|-115850000.0|-75510000.0|2600000.0|-0.59|-12.79|-7.32|-5.8|0.22|-9300000.0|-187570000.0|-115850000.0|-75510000.0|2600000.0|43290000.00|-135290000.0|-66069999.99999999|-41290000.0|30540000.0|2.76|-9.23|-4.17|-3.17|2.55|7030000.00|-202470000.0|-583440000.0|-274430000.0|21790000.0|77.25||||26.07|3450000.00|-199690000.0|-558970000.0|-272050000.0|18470000.0|0.22|-13.62|-35.32|-20.9|1.54|0.00|-0.27|-0.75|-0.36|0.02||||||-15950000.00|-21200000.0|-28890000.0|-31630000.0|-11510000.0|52590000.00|52280000.0|49780000.0|34220000.0|27950000.0|3145000000|2882000000.0|1735000000.0|1120000000.0|1676000000.0|1697000000|1629000000.0|1059000000.0|716170000.0|965260000.0|1447000000|1253000000.0|694510000.0|423600000.0|731150000.0|248140000.00|298180000.0|201670000.0|143510000.0|288880000.0|373760000.00|387390000.0|371990000.0|289840000.0|266680000.0||||274140000.0|245070000.0|31780000.00|-45710000.0|-71240000.0|-80630000.0|49770000.0|1.93|1.67|0.93|0.56|0.97|196030000.00|-16600000.000000002|-18480000.0|-69620000.0|104550000.0|180110000.00|-26810000.0|-18480000.0|-69620000.0|104550000.0|-15920000.00|-10210000.0||||55730000.00|55310000.0|52560000.0|34970000.0|29290000.0|103130000.00|98820000.0|29100000.0|-35450000.0|115520000.0|19590000.00|50040000.0|-96510000.0|-58160000.0|145370000.0|-26200000.0|-1350000.0|-12600000.0|-84290000.0|-23410000.0|-131170000.00|73200000.0|-66970000.0|95810000.0|67250000.0|11.48|-1.83|-1.17|-5.35|8.74|0.11|-14.93|-59.89|-50.67|2.89|-0.19|-3.89|-3.14|-3.31|0.12|-0.15|-13.82|-11.33|-12.26|0.34|0.26|0.31|0.55|0.72|0.38|-0.02|0.04|0.11|0.2|-0.07
